DTC,Description,Part,Subsystem
P0101,Mass or Volume Air Flow Circuit Range/Performance Problem,Various Components,Powertrain
P0102,Mass or Volume Air Flow Circuit Low Input,Various Components,Powertrain
P0103,Mass or Volume Air Flow Circuit High Input,Various Components,Powertrain
P0104,Mass or Volume Air Flow Circuit Intermittent,Various Components,Powertrain
P0105,Manifold Absolute Pressure/Barometric Pressure Circuit Malfunction,Various Components,Powertrain
P0106,Manifold Absolute Pressure/Barometric Pressure Circuit Range/Performance Problem,Various Components,Powertrain
P0107,Manifold Absolute Pressure/Barometric Pressure Circuit Low Input,Various Components,Powertrain
P0108,Manifold Absolute Pressure/Barometric Pressure Circuit High Input,Various Components,Powertrain
P0109,Manifold Absolute Pressure/Barometric Pressure Circuit Intermittent,Various Components,Powertrain
P0110,IAT Circuit Malfunction,Various Components,Powertrain
P0111,Intake Air Temperature Circuit Range/Performance Problem,Various Components,Powertrain
P0112,Intake Air Temperature Circuit Low Input,Various Components,Powertrain
P0113,Intake Air Temperature Circuit High Input,Various Components,Powertrain
P0114,Intake Air Temperature Circuit Intermittent,Various Components,Powertrain
P0115,Engine Coolant Temperature Circuit Malfunction,Various Components,Powertrain
P0116,Engine Coolant Temperature Circuit Range/Performance Problem,Various Components,Powertrain
P0117,Engine Coolant Temperature Circuit Low Input,Various Components,Powertrain
P0118,Engine Coolant Temperature Circuit High Input,Various Components,Powertrain
P0119,Engine Coolant Temperature Circuit Intermittent,Various Components,Powertrain
P0120,Throttle Position Sensor/Switch A Circuit Malfunction,Various Components,Powertrain
P0121,Throttle Position Sensor/Switch A Circuit Range/Performance Problem,Various Components,Powertrain
P0122,Throttle Position Sensor/Switch A Circuit Low Input,Various Components,Powertrain
P0123,Throttle Position Sensor/Switch A Circuit High Input,Various Components,Powertrain
P0124,Throttle Position Sensor/Switch A Circuit Intermittent,Various Components,Powertrain
P0125,Insufficient Coolant Temperature for Closed Loop Fuel Control;,Various Components,Powertrain
P0126,ECT Excessive Time to Closed Loop Fuel Control,Various Components,Powertrain
P0128,Insufficient Coolant Temperature for Stable Operation,Various Components,Powertrain
P0130,Coolant Thermostat Malfunction,Various Components,Powertrain
P0131,O2 Sensor Circuit Malfunction (Bank 1 Sensor 1),Various Components,Powertrain
P0132,O2 Sensor Circuit Low Voltage (Bank 1 Sensor 1),Various Components,Powertrain
P0133,O2 Sensor Circuit High Voltage (Bank 1 Sensor 1),Various Components,Powertrain
P0134,O2 Sensor Circuit Slow Response (Bank 1 Sensor 1),Various Components,Powertrain
P0135,O2 Sensor Circuit No Activity Detected (Bank 1 Sensor 1),Various Components,Powertrain
P0136,O2 Sensor Heater Circuit Malfunction (Bank 1 Sensor 1),Various Components,Powertrain
P0137,O2 Sensor Circuit Malfunction (Bank 1 Sensor 2),Various Components,Powertrain
P0138,O2 Sensor Circuit Low Voltage (Bank 1 Sensor 2),Various Components,Powertrain
P0139,O2 Sensor Circuit High Voltage (Bank 1 Sensor 2),Various Components,Powertrain
P0140,O2 Sensor Circuit Slow Response (Bank 1 Sensor 2),Various Components,Powertrain
P0141,O2 Sensor Circuit No Activity Detected (Bank 1 Sensor 2),Various Components,Powertrain
P0142,O2 Sensor Heater Circuit Malfunction (Bank 1 Sensor 2),Various Components,Powertrain
P0143,O2 Sensor Circuit Malfunction (Bank 1 Sensor 3),Various Components,Powertrain
P0144,O2 Sensor Circuit Low Voltage (Bank 1 Sensor 3),Various Components,Powertrain
P0145,O2 Sensor Circuit High Voltage (Bank 1 Sensor 3),Various Components,Powertrain
P0146,O2 Sensor Circuit Slow Response (Bank 1 Sensor 3),Various Components,Powertrain
P0147,O2 Sensor Circuit No Activity Detected (Bank 1 Sensor 3),Various Components,Powertrain
P0150,O2 Sensor Heater Circuit Malfunction (Bank 1 Sensor 3),Various Components,Powertrain
P0151,O2 Sensor Circuit Malfunction (Bank 2 Sensor 1),Various Components,Powertrain
P0152,O2 Sensor Circuit Low Voltage (Bank 2 Sensor 1),Various Components,Powertrain
P0153,O2 Sensor Circuit High Voltage (Bank 2 Sensor 1),Various Components,Powertrain
P0154,O2 Sensor Circuit Slow Response (Bank 2 Sensor 1),Various Components,Powertrain
P0155,O2 Sensor Circuit No Activity Detected (Bank 2 Sensor 1),Various Components,Powertrain
P0156,O2 Sensor Heater Circuit Malfunction (Bank 2 Sensor 1),Various Components,Powertrain
P0157,O2 Sensor Circuit Malfunction (Bank 2 Sensor 2),Various Components,Powertrain
P0158,O2 Sensor Circuit Low Voltage (Bank 2 Sensor 2),Various Components,Powertrain
P0159,O2 Sensor Circuit High Voltage (Bank 2 Sensor 2),Various Components,Powertrain
P0160,O2 Sensor Circuit Slow Response (Bank 2 Sensor 2),Various Components,Powertrain
P0161,O2 Sensor Circuit No Activity Detected (Bank 2 Sensor 2),Various Components,Powertrain
P0162,O2 Sensor Heater Circuit Malfunction (Bank 2 Sensor 2),Various Components,Powertrain
P0163,O2 Sensor Circuit Malfunction (Bank 2 Sensor 3),Various Components,Powertrain
P0164,O2 Sensor Circuit Low Voltage (Bank 2 Sensor 3),Various Components,Powertrain
P0165,O2 Sensor Circuit High Voltage (Bank 2 Sensor 3),Various Components,Powertrain
P0166,O2 Sensor Circuit Slow Response (Bank 2 Sensor 3),Various Components,Powertrain
P0167,O2 Sensor Circuit No Activity Detected (Bank 2 Sensor 3),Various Components,Powertrain
P0170,O2 Sensor Heater Circuit Malfunction (Bank 2 Sensor 3),Various Components,Powertrain
P0171,Fuel Trim Malfunction (Bank 1),Various Components,Powertrain
P0172,Fuel Trim System Lean (Bank 1),Various Components,Powertrain
P0173,Fuel Trim too Rich (Bank 1),Various Components,Powertrain
P0174,Fuel Trim Malfunction (Bank 2),Various Components,Powertrain
P0175,Fuel Trim too Lean (Bank 2),Various Components,Powertrain
P0176,Fuel Trim too Rich (Bank 2),Various Components,Powertrain
P0177,Fuel Composition Sensor Circuit Malfunction,Various Components,Powertrain
P0178,Fuel Composition Sensor Circuit Range/Performance,Various Components,Powertrain
P0179,Fuel Composition Sensor Circuit Low Input,Various Components,Powertrain
P0180,Fuel Composition Sensor Circuit High Input,Various Components,Powertrain
P0181,Fuel Temperature Sensor A Circuit Malfunction,Various Components,Powertrain
P0182,Fuel Temperature Sensor A Circuit Range/Performance,Various Components,Powertrain
P0183,Fuel Temperature Sensor A Circuit Low Input,Various Components,Powertrain
P0184,Fuel Temperature Sensor A Circuit High Input,Various Components,Powertrain
P0185,Fuel Temperature Sensor A Circuit Intermittent,Various Components,Powertrain
P0186,Fuel Temperature Sensor B Circuit Malfunction,Various Components,Powertrain
P0187,Fuel Temperature Sensor B Circuit Range/Performance,Various Components,Powertrain
P0188,Fuel Temperature Sensor B Circuit Low Input,Various Components,Powertrain
P0189,Fuel Temperature Sensor B Circuit High Input,Various Components,Powertrain
P0190,Fuel Temperature Sensor B Circuit Intermittent,Various Components,Powertrain
P0191,Fuel Rail Pressure Sensor Circuit Malfunction,Various Components,Powertrain
P0192,Fuel Rail Pressure Sensor Circuit Range/Performance,Various Components,Powertrain
P0193,Fuel Rail Pressure Sensor Circuit Low Input,Various Components,Powertrain
P0194,Fuel Rail Pressure Sensor Circuit High Input,Various Components,Powertrain
P0195,Fuel Rail Pressure Sensor Circuit Intermittent,Various Components,Powertrain
P0196,Engine Oil Temperature Sensor Malfunction,Various Components,Powertrain
P0197,Engine Oil Temperature Sensor Range/Performance,Various Components,Powertrain
P0198,Engine Oil Temperature Sensor Low,Various Components,Powertrain
P0199,Engine Oil Temperature Sensor High,Various Components,Powertrain
P0200,Engine Oil Temperature Sensor Intermittent,Various Components,Powertrain
P0201,Injector Circuit Malfunction,Various Components,Powertrain
P0202,Injector Circuit Malfunction - Cylinder 1,Various Components,Powertrain
P0203,Injector Circuit Malfunction - Cylinder 2,Various Components,Powertrain
P0204,Injector Circuit Malfunction - Cylinder 3,Various Components,Powertrain
P0205,Injector Circuit Malfunction - Cylinder 4,Various Components,Powertrain
P0206,Injector Circuit Malfunction - Cylinder 5,Various Components,Powertrain
P0207,Injector Circuit Malfunction - Cylinder 6,Various Components,Powertrain
P0208,Injector Circuit Malfunction - Cylinder 7,Various Components,Powertrain
P0209,Injector Circuit Malfunction - Cylinder 8,Various Components,Powertrain
P0210,Injector Circuit Malfunction - Cylinder 9,Various Components,Powertrain
P0211,Injector Circuit Malfunction - Cylinder 10,Various Components,Powertrain
P0212,Injector Circuit Malfunction - Cylinder 11,Various Components,Powertrain
P0213,Injector Circuit Malfunction - Cylinder 12,Various Components,Powertrain
P0214,Cold Start Injector 1 Malfunction,Various Components,Powertrain
P0215,Cold Start Injector 2 Malfunction,Various Components,Powertrain
P0216,Engine Shutoff Solenoid Malfunction,Various Components,Powertrain
P0217,Injection Timing Control Circuit Malfunction,Various Components,Powertrain
P0218,Engine Overtemp Condition,Various Components,Powertrain
P0219,Transmission Over Temperature Condition,Various Components,Powertrain
P0220,Engine Overspeed Condition,Various Components,Powertrain
P0221,Throttle/Petal Position Sensor/Switch B Circuit Malfunction,Various Components,Powertrain
P0222,Throttle/Petal Position Sensor/Switch B Circuit Range/Performance Problem,Various Components,Powertrain
P0223,Throttle/Petal Position Sensor/Switch B Circuit Low Input,Various Components,Powertrain
P0224,Throttle/Petal Position Sensor/Switch B Circuit High Input,Various Components,Powertrain
P0225,Throttle/Petal Position Sensor/Switch B Circuit Intermittent,Various Components,Powertrain
P0226,Throttle/Petal Position Sensor/Switch C Circuit Malfunction,Various Components,Powertrain
P0227,Throttle/Petal Position Sensor/Switch C Circuit Range/Performance Problem,Various Components,Powertrain
P0228,Throttle/Petal Position Sensor/Switch C Circuit Low Input,Various Components,Powertrain
P0229,Throttle/Petal Position Sensor/Switch C Circuit High Input,Various Components,Powertrain
P0230,Throttle/Petal Position Sensor/Switch C Circuit Intermittent,Various Components,Powertrain
P0231,Fuel Pump Primary Circuit Malfunction,Various Components,Powertrain
P0232,Fuel Pump Secondary Circuit Low,Various Components,Powertrain
P0233,Fuel Pump Secondary Circuit High,Various Components,Powertrain
P0234,Fuel Pump Secondary Circuit Intermittent,Various Components,Powertrain
P0235,Engine Overboost Condition,Various Components,Powertrain
P0236,Turbocharger Boost Sensor A Circuit Malfunction,Various Components,Powertrain
P0237,Turbocharger Boost Sensor A Circuit Range/Performance,Various Components,Powertrain
P0238,Turbocharger Boost Sensor A Circuit Low,Various Components,Powertrain
P0239,Turbocharger Boost Sensor A Circuit High,Various Components,Powertrain
P0240,Turbocharger Boost Sensor B Malfunction,Various Components,Powertrain
P0241,Turbocharger Boost Sensor B Circuit Range/Performance,Various Components,Powertrain
P0242,Turbocharger Boost Sensor B Circuit Low,Various Components,Powertrain
P0243,Turbocharger Boost Sensor B Circuit High,Various Components,Powertrain
P0244,Turbocharger Wastegate Solenoid A Malfunction,Various Components,Powertrain
P0245,Turbocharger Wastegate Solenoid A Range/Performance,Various Components,Powertrain
P0246,Turbocharger Wastegate Solenoid A Low,Various Components,Powertrain
P0247,Turbocharger Wastegate Solenoid A High,Various Components,Powertrain
P0248,Turbocharger Wastegate Solenoid B Malfunction,Various Components,Powertrain
P0249,Turbocharger Wastegate Solenoid B Range/Performance,Various Components,Powertrain
P0250,Turbocharger Wastegate Solenoid B Low,Various Components,Powertrain
P0251,Turbocharger Wastegate Solenoid B High,Various Components,Powertrain
P0252,"Injection Pump Fuel Metering Control ""A"" Malfunction (Cam/Rotor/Injector)",Various Components,Powertrain
P0253,"Injection Pump Fuel Metering Control ""A"" Range/Performance (Cam/Rotor/Injector)",Various Components,Powertrain
P0254,"Injection Pump Fuel Metering Control ""A"" Low (Cam/Rotor/Injector)",Various Components,Powertrain
P0255,"Injection Pump Fuel Metering Control ""A"" High (Cam/Rotor/Injector)",Various Components,Powertrain
P0256,"Injection Pump Fuel Metering Control ""A"" Intermittent (Cam/Rotor/Injector)",Various Components,Powertrain
P0257,"Injection Pump Fuel Metering Control ""B"" Malfunction (Cam/Rotor/Injector)",Various Components,Powertrain
P0258,"Injection Pump Fuel Metering Control ""B"" Range/Performance (Cam/Rotor/Injector)",Various Components,Powertrain
P0259,"Injection Pump Fuel Metering Control ""B"" Low (Cam/Rotor/Injector)",Various Components,Powertrain
P0260,"Injection Pump Fuel Metering Control ""B"" High (Cam/Rotor/Injector)",Various Components,Powertrain
P0261,"Injection Pump Fuel Metering Control ""B"" Intermittent (Cam/Rotor/Injector)",Various Components,Powertrain
P0262,Cylinder 1 Injector Circuit Low,Various Components,Powertrain
P0263,Cylinder 1 Injector Circuit High,Various Components,Powertrain
P0264,Cylinder 1 Contribution/Balance Fault,Various Components,Powertrain
P0265,Cylinder 2 Injector Circuit Low,Various Components,Powertrain
P0266,Cylinder 2 Injector Circuit High,Various Components,Powertrain
P0267,Cylinder 2 Contribution/Balance Fault,Various Components,Powertrain
P0268,Cylinder 3 Injector Circuit Low,Various Components,Powertrain
P0269,Cylinder 3 Injector Circuit High,Various Components,Powertrain
P0270,Cylinder 3 Contribution/Balance Fault,Various Components,Powertrain
P0271,Cylinder 4 Injector Circuit Low,Various Components,Powertrain
P0272,Cylinder 4 Injector Circuit High,Various Components,Powertrain
P0273,Cylinder 4 Contribution/Balance Fault,Various Components,Powertrain
P0274,Cylinder 5 Injector Circuit Low,Various Components,Powertrain
P0275,Cylinder 5 Injector Circuit High,Various Components,Powertrain
P0276,Cylinder 5 Contribution/Balance Fault,Various Components,Powertrain
P0277,Cylinder 6 Injector Circuit Low,Various Components,Powertrain
P0278,Cylinder 6 Injector Circuit High,Various Components,Powertrain
P0279,Cylinder 6 Contribution/Balance Fault,Various Components,Powertrain
P0280,Cylinder 7 Injector Circuit Low,Various Components,Powertrain
P0281,Cylinder 7 Injector Circuit High,Various Components,Powertrain
P0282,Cylinder 7 Contribution/Balance Fault,Various Components,Powertrain
P0283,Cylinder 8 Injector Circuit Low,Various Components,Powertrain
P0284,Cylinder 8 Injector Circuit High,Various Components,Powertrain
P0285,Cylinder 8 Contribution/Balance Fault,Various Components,Powertrain
P0286,Cylinder 9 Injector Circuit Low,Various Components,Powertrain
P0287,Cylinder 9 Injector Circuit High,Various Components,Powertrain
P0288,Cylinder 9 Contribution/Balance Fault,Various Components,Powertrain
P0289,Cylinder 10 Injector Circuit Low,Various Components,Powertrain
P0290,Cylinder 10 Injector Circuit High,Various Components,Powertrain
P0291,Cylinder 10 Contribution/Balance Fault,Various Components,Powertrain
P0292,Cylinder 11 Injector Circuit Low,Various Components,Powertrain
P0293,Cylinder 11 Injector Circuit High,Various Components,Powertrain
P0294,Cylinder 11 Contribution/Balance Fault,Various Components,Powertrain
P0295,Cylinder 12 Injector Circuit Low,Various Components,Powertrain
P0296,Cylinder 12 Injector Circuit High,Various Components,Powertrain
P0300,Cylinder 12 Contribution/Range Fault,Various Components,Powertrain
P0301,Random/Multiple Cylinder Misfire Detected,Various Components,Powertrain
P0302,Cylinder 1 Misfire Detected,Various Components,Powertrain
P0303,Cylinder 2 Misfire Detected,Various Components,Powertrain
P0304,Cylinder 3 Misfire Detected,Various Components,Powertrain
P0305,Cylinder 4 Misfire Detected,Various Components,Powertrain
P0306,Cylinder 5 Misfire Detected,Various Components,Powertrain
P0307,Cylinder 6 Misfire Detected,Various Components,Powertrain
P0308,Cylinder 7 Misfire Detected,Various Components,Powertrain
P0309,Cylinder 8 Misfire Detected,Various Components,Powertrain
P0310,Cylinder 9 Misfire Detected,Various Components,Powertrain
P0311,Cylinder 10 Misfire Detected,Various Components,Powertrain
P0312,Cylinder 11 Misfire Detected,Various Components,Powertrain
P0320,Cylinder 12 Misfire Detected,Various Components,Powertrain
P0321,Ignition/Distributor Engine Speed Input Circuit Malfunction,Various Components,Powertrain
P0322,Ignition/Distributor Engine Speed Input Circuit Range/Performance,Various Components,Powertrain
P0323,Ignition/Distributor Engine Speed Input Circuit No Signal,Various Components,Powertrain
P0325,Ignition/Distributor Engine Speed Input Circuit Intermittent,Various Components,Powertrain
P0326,Knock Sensor 1 Circuit Malfunction (Bank 1 or Single Sensor),Various Components,Powertrain
P0327,Knock Sensor 1 Circuit Range/Performance (Bank 1 or Single Sensor),Various Components,Powertrain
P0328,Knock Sensor 1 Circuit Low Input (Bank 1 or Single Sensor),Various Components,Powertrain
P0329,Knock Sensor 1 Circuit High Input (Bank 1 or Single Sensor),Various Components,Powertrain
P0330,Knock Sensor 1 Circuit Intermittent (Bank 1 or Single Sensor),Various Components,Powertrain
P0331,Knock Sensor 2 Circuit Malfunction (Bank 2),Various Components,Powertrain
P0332,Knock Sensor 2 Circuit Range/Performance (Bank 2),Various Components,Powertrain
P0333,Knock Sensor 2 Circuit Low Input (Bank 2),Various Components,Powertrain
P0334,Knock Sensor 2 Circuit High Input (Bank 2),Various Components,Powertrain
P0335,Knock Sensor 2 Circuit Intermittent (Bank 2),Various Components,Powertrain
P0336,Crankshaft Position Sensor A Circuit Malfunction,Various Components,Powertrain
P0337,Crankshaft Position Sensor A Circuit Range/Performance,Various Components,Powertrain
P0338,Crankshaft Position Sensor A Circuit Low Input,Various Components,Powertrain
P0339,Crankshaft Position Sensor A Circuit High Input,Various Components,Powertrain
P0340,Crankshaft Position Sensor A Circuit Intermittent,Various Components,Powertrain
P0341,Camshaft Position Sensor Circuit Malfunction,Various Components,Powertrain
P0342,Camshaft Position Sensor Circuit Range/Performance,Various Components,Powertrain
P0343,Camshaft Position Sensor Circuit Low Input,Various Components,Powertrain
P0344,Camshaft Position Sensor Circuit High Input,Various Components,Powertrain
P0350,Camshaft Position Sensor Circuit Intermittent,Various Components,Powertrain
P0351,Ignition Coil Primary/Secondary Circuit Malfunction,Various Components,Powertrain
P0352,Ignition Coil A Primary/Secondary Circuit Malfunction,Various Components,Powertrain
P0353,Ignition Coil B Primary/Secondary Circuit Malfunction,Various Components,Powertrain
P0354,Ignition Coil C Primary/Secondary Circuit Malfunction,Various Components,Powertrain
P0355,Ignition Coil D Primary/Secondary Circuit Malfunction,Various Components,Powertrain
P0356,Ignition Coil E Primary/Secondary Circuit Malfunction,Various Components,Powertrain
P0357,Ignition Coil F Primary/Secondary Circuit Malfunction,Various Components,Powertrain
P0358,Ignition Coil G Primary/Secondary Circuit Malfunction,Various Components,Powertrain
P0359,Ignition Coil H Primary/Secondary Circuit Malfunction,Various Components,Powertrain
P0360,Ignition Coil I Primary/Secondary Circuit Malfunction,Various Components,Powertrain
P0361,Ignition Coil J Primary/Secondary Circuit Malfunction,Various Components,Powertrain
P0362,Ignition Coil K Primary/Secondary Circuit Malfunction,Various Components,Powertrain
P0370,Ignition Coil L Primary/Secondary Circuit Malfunction,Various Components,Powertrain
P0371,Timing Reference High Resolution Signal A Malfunction,Various Components,Powertrain
P0372,Timing Reference High Resolution Signal A Too Many Pulses,Various Components,Powertrain
P0373,Timing Reference High Resolution Signal A Too Few Pulses,Various Components,Powertrain
P0374,Timing Reference High Resolution Signal A Intermittent/Erratic Pulses,Various Components,Powertrain
P0375,Timing Reference High Resolution Signal A No Pulses,Various Components,Powertrain
P0376,Timing Reference High Resolution Signal B Malfunction,Various Components,Powertrain
P0377,Timing Reference High Resolution Signal B Too Many Pulses,Various Components,Powertrain
P0378,Timing Reference High Resolution Signal B Too Few Pulses,Various Components,Powertrain
P0379,Timing Reference High Resolution Signal B Intermittent/Erratic Pulses,Various Components,Powertrain
P0380,Timing Reference High Resolution Signal B No Pulses,Various Components,Powertrain
P0381,"Glow Plug/Heater Circuit ""A"" Malfunction",Various Components,Powertrain
P0382,Glow Plug/Heater Indicator Circuit Malfunction,Various Components,Powertrain
P0385,Exhaust Gas Recirculation Flow Malfunction,Various Components,Powertrain
P0386,Crankshaft Position Sensor B Circuit Malfunction,Various Components,Powertrain
P0387,Crankshaft Position Sensor B Circuit Range/Performance,Various Components,Powertrain
P0388,Crankshaft Position Sensor B Circuit Low Input,Various Components,Powertrain
P0389,Crankshaft Position Sensor B Circuit High Input,Various Components,Powertrain
P0400,Crankshaft Position Sensor B Circuit Intermittent,Various Components,Powertrain
P0401,Exhaust Gas Recirculation Flow Malfunction,Various Components,Powertrain
P0402,Exhaust Gas Recirculation Flow Insufficient Detected,Various Components,Powertrain
P0403,Exhaust Gas Recirculation Flow Excessive Detected,Various Components,Powertrain
P0404,Exhaust Gas Recirculation Circuit Malfunction,Various Components,Powertrain
P0405,Exhaust Gas Recirculation Circuit Range/Performance,Various Components,Powertrain
P0406,Exhaust Gas Recirculation Sensor A Circuit Low,Various Components,Powertrain
P0407,Exhaust Gas Recirculation Sensor A Circuit High,Various Components,Powertrain
P0408,Exhaust Gas Recirculation Sensor B Circuit Low,Various Components,Powertrain
P0410,Exhaust Gas Recirculation Sensor B Circuit High,Various Components,Powertrain
P0411,Secondary Air Injection System Malfunction,Various Components,Powertrain
P0412,Secondary Air Injection System Incorrect Flow Detected,Various Components,Powertrain
P0413,Secondary Air Injection System Switching Valve A Circuit Malfunction,Various Components,Powertrain
P0414,Secondary Air Injection System Switching Valve A Circuit Open,Various Components,Powertrain
P0415,Secondary Air Injection System Switching Valve A Circuit Shorted,Various Components,Powertrain
P0416,Secondary Air Injection System Switching Valve B Circuit Malfunction,Various Components,Powertrain
P0417,Secondary Air Injection System Switching Valve B Circuit Open,Various Components,Powertrain
P0418,Secondary Air Injection System Switching Valve B Circuit Shorted,Various Components,Powertrain
P0419,"Secondary Air Injection System Relay ""A"" Circuit Malfunction",Various Components,Powertrain
P0420,"Secondary Air Injection System Relay ""B"" Circuit Malfunction",Various Components,Powertrain
P0421,Catalyst System Efficiency Below Threshold (Bank 1),Various Components,Powertrain
P0422,Warm Up Catalyst Efficiency Below Threshold (Bank 1),Various Components,Powertrain
P0423,Main Catalyst Efficiency Below Threshold (Bank 1),Various Components,Powertrain
P0424,Heated Catalyst Efficiency Below Threshold (Bank 1),Various Components,Powertrain
P0426,Heated Catalyst Temperature Below Threshold (Bank 1),Various Components,Powertrain
P0427,Catalyst Temperature Sensor Range/Performance (Bank 1),Various Components,Powertrain
P0428,Catalyst Temperature Sensor Low Input (Bank 1),Various Components,Powertrain
P0430,Catalyst Temperature Sensor High Input (Bank 1),Various Components,Powertrain
P0431,Catalyst System Efficiency Below Threshold (Bank 2),Various Components,Powertrain
P0432,Warm Up Catalyst Efficiency Below Threshold (Bank 2),Various Components,Powertrain
P0433,Main Catalyst Efficiency Below Threshold (Bank 2),Various Components,Powertrain
P0434,Heated Catalyst Efficiency Below Threshold (Bank 2),Various Components,Powertrain
P0436,Heated Catalyst Temperature Below Threshold (Bank 2),Various Components,Powertrain
P0437,Catalyst Temperature Sensor Range/Performance (Bank 2),Various Components,Powertrain
P0438,Catalyst Temperature Sensor Low Input (Bank 2),Various Components,Powertrain
P0440,Catalyst Temperature Sensor High Input (Bank 2),Various Components,Powertrain
P0441,Evaporative Emission Control System Malfunction,Various Components,Powertrain
P0442,Evaporative Emission Control System Incorrect Purge Flow,Various Components,Powertrain
P0443,Evaporative Emission Control System Leak Detected (small leak),Various Components,Powertrain
P0444,Evaporative Emission Control System Purge Control Valve Circuit Malfunction,Various Components,Powertrain
P0445,Evaporative Emission Control System Purge Control Valve Circuit Open,Various Components,Powertrain
P0446,Evaporative Emission Control System Purge Control Valve Circuit Shorted,Various Components,Powertrain
P0447,Evaporative Emission Control System Vent Control Circuit Malfunction,Various Components,Powertrain
P0448,Evaporative Emission Control System Vent Control Circuit Open,Various Components,Powertrain
P0449,Evaporative Emission Control System Vent Control Circuit Shorted,Various Components,Powertrain
P0450,Evaporative Emission Control System Vent Valve/Solenoid Circuit Malfunction,Various Components,Powertrain
P0451,Evaporative Emission Control System Pressure Sensor Malfunction,Various Components,Powertrain
P0452,Evaporative Emission Control System Pressure Sensor Range/Performance,Various Components,Powertrain
P0453,Evaporative Emission Control System Pressure Sensor Low Input,Various Components,Powertrain
P0454,Evaporative Emission Control System Pressure Sensor High Input,Various Components,Powertrain
P0455,Evaporative Emission Control System Pressure Sensor Intermittent,Various Components,Powertrain
P0460,Evaporative Emission Control System Leak Detected (gross leak),Various Components,Powertrain
P0461,Fuel Level Sensor Circuit Malfunction,Various Components,Powertrain
P0462,Fuel Level Sensor Circuit Range/Performance,Various Components,Powertrain
P0463,Fuel Level Sensor Circuit Low Input,Various Components,Powertrain
P0464,Fuel Level Sensor Circuit High Input,Various Components,Powertrain
P0465,Fuel Level Sensor Circuit Intermittent,Various Components,Powertrain
P0466,Purge Flow Sensor Circuit Malfunction,Various Components,Powertrain
P0467,Purge Flow Sensor Circuit Range/Performance,Various Components,Powertrain
P0468,Purge Flow Sensor Circuit Low Input,Various Components,Powertrain
P0469,Purge Flow Sensor Circuit High Input,Various Components,Powertrain
P0470,Purge Flow Sensor Circuit Intermittent,Various Components,Powertrain
P0471,Exhaust Pressure Sensor Malfunction,Various Components,Powertrain
P0472,Exhaust Pressure Sensor Range/Performance,Various Components,Powertrain
P0473,Exhaust Pressure Sensor Low,Various Components,Powertrain
P0474,Exhaust Pressure Sensor High,Various Components,Powertrain
P0475,Exhaust Pressure Sensor Intermittent,Various Components,Powertrain
P0476,Exhaust Pressure Control Valve Malfunction,Various Components,Powertrain
P0477,Exhaust Pressure Control Valve Range/Performance,Various Components,Powertrain
P0478,Exhaust Pressure Control Valve Low,Various Components,Powertrain
P0479,Exhaust Pressure Control Valve High,Various Components,Powertrain
P0480,Exhaust Pressure Control Valve Intermittent,Various Components,Powertrain
P0481,Cooling Fan 1 Control Circuit Malfunction,Various Components,Powertrain
P0482,Cooling Fan 2 Control Circuit Malfunction,Various Components,Powertrain
P0483,Cooling Fan 3 Control Circuit Malfunction,Various Components,Powertrain
P0484,Cooling Fan Rationality Check Malfunction,Various Components,Powertrain
P0485,Cooling Fan Circuit Over Current,Various Components,Powertrain
P0500,Cooling Fan Power/Ground Circuit Malfunction,Various Components,Powertrain
P0501,Vehicle Speed Sensor Malfunction,Various Components,Powertrain
P0502,Vehicle Speed Sensor Range/Performance,Various Components,Powertrain
P0503,Vehicle Speed Sensor Low Input,Various Components,Powertrain
P0505,Vehicle Speed Sensor Intermittent/Erratic/High,Various Components,Powertrain
P0506,Idle Control System Malfunction,Various Components,Powertrain
P0507,Idle Control System RPM Lower Than Expected,Various Components,Powertrain
P0510,Idle Control System RPM Higher Than Expected,Various Components,Powertrain
P0520,Closed Throttle Position Switch Malfunction,Various Components,Powertrain
P0521,Engine Oil Pressure Sensor/Switch Circuit Malfunction,Various Components,Powertrain
P0522,Engine Oil Pressure Sensor/Switch Circuit Range/Performance,Various Components,Powertrain
P0523,Engine Oil Pressure Sensor/Switch Circuit Low Voltage,Various Components,Powertrain
P0530,Engine Oil Pressure Sensor/Switch Circuit High Voltage,Various Components,Powertrain
P0531,A/C Refrigerant Pressure Sensor Circuit Malfunction,Various Components,Powertrain
P0532,A/C Refrigerant Pressure Sensor Circuit Range/Performance,Various Components,Powertrain
P0533,A/C Refrigerant Pressure Sensor Circuit Low Input,Various Components,Powertrain
P0534,A/C Refrigerant Pressure Sensor Circuit High Input,Various Components,Powertrain
P0550,Air Conditioner Refrigerant Charge Loss,Various Components,Powertrain
P0551,Power Steering Pressure Sensor Circuit Malfunction,Various Components,Powertrain
P0552,Power Steering Pressure Sensor Circuit Range/Performance,Various Components,Powertrain
P0553,Power Steering Pressure Sensor Circuit Low Input,Various Components,Powertrain
P0554,Power Steering Pressure Sensor Circuit High Input,Various Components,Powertrain
P0560,Power Steering Pressure Sensor Circuit Intermittent,Various Components,Powertrain
P0561,System Voltage Malfunction,Various Components,Powertrain
P0562,System Voltage Unstable,Various Components,Powertrain
P0563,A/C pressure sensor low voltage(Chrysler),Various Components,Powertrain
P0565,System Voltage High,Various Components,Powertrain
P0566,Cruise Control On Signal Malfunction,Various Components,Powertrain
P0567,Cruise Control Off Signal Malfunction,Various Components,Powertrain
P0568,Cruise Control Resume Signal Malfunction,Various Components,Powertrain
P0569,Cruise Control Set Signal Malfunction,Various Components,Powertrain
P0570,Cruise Control Coast Signal Malfunction,Various Components,Powertrain
P0571,Cruise Control Accel Signal Malfunction,Various Components,Powertrain
P0572,Cruise Control/Brake Switch A Circuit Malfunction,Various Components,Powertrain
P0573,Cruise Control/Brake Switch A Circuit Low,Various Components,Powertrain
P0574,Cruise Control/Brake Switch A Circuit High,Various Components,Powertrain
P0575,Cruise Control Related Malfunction,Various Components,Powertrain
P0576,Cruise Control Related Malfunction,Various Components,Powertrain
P0578,Cruise Control Related Malfunction,Various Components,Powertrain
P0579,Cruise Control Related Malfunction,Various Components,Powertrain
P0580,Cruise Control Related Malfunction,Various Components,Powertrain
P0600,Cruise Control Related Malfunction,Various Components,Powertrain
P0601,Serial Communication Link Malfunction,Various Components,Powertrain
P0602,Control Module Read Only Memory(ROM),Various Components,Powertrain
P0603,Control Module Programming Error,Various Components,Powertrain
P0604,Internal Control Module Keep Alive Memory (KAM) Error,Various Components,Powertrain
P0605,Internal Control Module Random Access Memory (RAM) Error,Various Components,Powertrain
P0606,Internal Control Module Read Only Memory (ROM) Error,Various Components,Powertrain
P0608,PCM Processor Fault,Various Components,Powertrain
P0609,"Control Module VSS Output ""A"" Malfunction",Various Components,Powertrain
P0620,"Control Module VSS Output ""B"" Malfunction",Various Components,Powertrain
P0621,Generator Control Circuit Malfunction,Various Components,Powertrain
P0622,"Generator Lamp ""L"" Control Circuit Malfunction",Various Components,Powertrain
P0650,"Generator Field ""F"" Control Circuit Malfunction",Various Components,Powertrain
P0654,Malfunction Indicator Lamp (MIL) Control Circuit Malfunction,Various Components,Powertrain
P0655,Engine RPM Output Circuit Malfunction,Various Components,Powertrain
P0656,Engine Hot Lamp Output Control Circuit Malfucntion,Various Components,Powertrain
P0700,Fuel Level Output Circuit Malfunction,Various Components,Powertrain
P0701,Transmission Control System Malfunction,Various Components,Powertrain
P0702,Transmission Control System Range/Performance,Various Components,Powertrain
P0703,Transmission Control System Electrical,Various Components,Powertrain
P0704,Torque Converter/Brake Switch B Circuit Malfunction,Various Components,Powertrain
P0705,Clutch Switch Input Circuit Malfunction,Various Components,Powertrain
P0706,Transmission Range Sensor Circuit malfunction (PRNDL Input),Various Components,Powertrain
P0707,Transmission Range Sensor Circuit Range/Performance,Various Components,Powertrain
P0708,Transmission Range Sensor Circuit Low Input,Various Components,Powertrain
P0709,Transmission Range Sensor Circuit High Input,Various Components,Powertrain
P0710,Transmission Range Sensor Circuit Intermittent,Various Components,Powertrain
P0711,Transmission Fluid Temperature Sensor Circuit Malfunction,Various Components,Powertrain
P0712,Transmission Fluid Temperature Sensor Circuit Range/Performance,Various Components,Powertrain
P0713,Transmission Fluid Temperature Sensor Circuit Low Input,Various Components,Powertrain
P0714,Transmission Fluid Temperature Sensor Circuit High Input,Various Components,Powertrain
P0715,Transmission Fluid Temperature Sensor Circuit Intermittent,Various Components,Powertrain
P0716,Input/Turbine Speed Sensor Circuit Malfunction,Various Components,Powertrain
P0717,Input/Turbine Speed Sensor Circuit Range/Performance,Various Components,Powertrain
P0718,Input/Turbine Speed Sensor Circuit No Signal,Various Components,Powertrain
P0719,Input/Turbine Speed Sensor Circuit Intermittent,Various Components,Powertrain
P0720,Torque Converter/Brake Switch B Circuit Low,Various Components,Powertrain
P0721,Output Speed Sensor Circuit Malfunction,Various Components,Powertrain
P0722,Output Speed Sensor Range/Performance,Various Components,Powertrain
P0723,Output Speed Sensor No Signal,Various Components,Powertrain
P0724,Output Speed Sensor Intermittent,Various Components,Powertrain
P0725,Torque Converter/Brake Switch B Circuit High,Various Components,Powertrain
P0726,Engine Speed input Circuit Malfunction,Various Components,Powertrain
P0727,Engine Speed Input Circuit Range/Performance,Various Components,Powertrain
P0728,Engine Speed Input Circuit No Signal,Various Components,Powertrain
P0730,Engine Speed Input Circuit Intermittent,Various Components,Powertrain
P0731,Incorrect Gear Ratio,Various Components,Powertrain
P0732,Gear 1 Incorrect ratio,Various Components,Powertrain
P0733,Gear 2 Incorrect ratio,Various Components,Powertrain
P0734,Gear 3 Incorrect ratio,Various Components,Powertrain
P0735,Gear 4 Incorrect ratio,Various Components,Powertrain
P0736,Gear 5 Incorrect ratio,Various Components,Powertrain
P0740,Reverse incorrect gear ratio,Various Components,Powertrain
P0741,Torque Converter Clutch Circuit Malfuction,Various Components,Powertrain
P0742,Torque Converter Clutch Circuit Performance or Stuck Off,Various Components,Powertrain
P0743,Torque Converter Clutch Circuit Stuck On,Various Components,Powertrain
P0744,Torque Converter Clutch Circuit Electrical,Various Components,Powertrain
P0745,Torque Converter Clutch Circuit Intermittent,Various Components,Powertrain
P0746,Pressure Control Solenoid Malfunction,Various Components,Powertrain
P0747,Pressure Control Solenoid Performance or Stuck Off,Various Components,Powertrain
P0748,Pressure Control Solenoid Stuck On,Various Components,Powertrain
P0749,Pressure Control Solenoid Electrical,Various Components,Powertrain
P0750,Pressure Control Solenoid Intermittent,Various Components,Powertrain
P0751,Shift Solenoid A Malfunction,Various Components,Powertrain
P0752,Shift Solenoid A Performance or Stuck Off/,Various Components,Powertrain
P0753,1-2 Shift Solenoid Valve Performance,Various Components,Powertrain
P0754,Shift Solenoid A Stuck On,Various Components,Powertrain
P0755,Shift Solenoid A Electrical/,Various Components,Powertrain
P0756,1-2 Shift Solenoid Circuit Electrical,Various Components,Powertrain
P0757,Shift Solenoid A Intermittent,Various Components,Powertrain
P0758,Shift Solenoid B Malfunction,Various Components,Powertrain
P0759,Shift Solenoid B Performance or Stuck Off/,Various Components,Powertrain
P0760,2-3 Shift Solenoid Valve Performance,Various Components,Powertrain
P0761,Shift Solenoid B Stuck On,Various Components,Powertrain
P0762,Shift Solenoid B Electrical/ 2-3 Shift Solenoid Circuit Electrical,Various Components,Powertrain
P0763,Shift Solenoid B Intermittent,Various Components,Powertrain
P0764,Shift Solenoid C Malfunction,Various Components,Powertrain
P0765,Shift Solenoid C Performance or Stuck Off,Various Components,Powertrain
P0766,Shift Solenoid C Stuck On,Various Components,Powertrain
P0767,Shift Solenoid C Electrical,Various Components,Powertrain
P0768,Shift Solenoid C Intermittent,Various Components,Powertrain
P0769,Shift Solenoid D Malfunction,Various Components,Powertrain
P0770,Shift Solenoid D Performance or Stuck Off,Various Components,Powertrain
P0771,Shift Solenoid D Stuck On,Various Components,Powertrain
P0772,Shift Solenoid D Electrical,Various Components,Powertrain
P0773,Shift Solenoid D Intermittent,Various Components,Powertrain
P0774,Shift Solenoid E Malfunction,Various Components,Powertrain
P0775,Shift Solenoid E Performance or Stuck Off,Various Components,Powertrain
P0776,Shift Solenoid E Stuck On,Various Components,Powertrain
P0777,Shift Solenoid E Electrical,Various Components,Powertrain
P0778,Shift Solenoid E Intermittent,Various Components,Powertrain
P0779,Pressure Control Solenoid B Malfunction,Various Components,Powertrain
P0780,Pressure Control Solenoid B Performance,Various Components,Powertrain
P0781,Pressure Control Solenoid B Stuck On,Various Components,Powertrain
P0782,Pressure Control Solenoid B Electrical,Various Components,Powertrain
P0783,Pressure Control Solenoid B Intermittent,Various Components,Powertrain
P0784,Shift Malfunction,Various Components,Powertrain
P0785,1-2 Shift Malfunction,Various Components,Powertrain
P0786,2-3 Shift Malfunction,Various Components,Powertrain
P0787,3-4 Shift Malfunction,Various Components,Powertrain
P0788,4-5 Shift Malfunction,Various Components,Powertrain
P0789,Shift/Timing Solenoid Malfunction/ 3-2 Shift Solenoid Circuit Electrical,Various Components,Powertrain
P0790,Shift/Timing Solenoid Range/Performance,Various Components,Powertrain
P0801,Shift/Timing Solenoid Low,Various Components,Powertrain
P0803,Shift/Timing Solenoid High,Various Components,Powertrain
P0804,Shift/Timing Solenoid Intermittent,Various Components,Powertrain
P1100,Normal/Performance Switch Circuit Malfunction,Various Components,Powertrain
P1101,Reverse Inhibit Control Circuit Malfunction,Various Components,Powertrain
P1102,1-4 Upshift (Skip Shift) Solenoid Control Circuit Malfunction,Various Components,Powertrain
P1103,1-4 Upshift (Skip Shift) Lamp Control Circuit Malfunction,Various Components,Powertrain
P1104,MAF Sensor Intermittent/ Check of all OBDII Systems Not Complete,Various Components,Powertrain
P1105,MAF Sensor Out Of Self Test Range./,Various Components,Powertrain
P1106,KOER Not Able To Complete  KOER Aborted,Various Components,Powertrain
P1107,MAF Sensor In Range But Lower Than Expected,Various Components,Powertrain
P1108,MAF Sensor In Range But Higher Than Expected,Various Components,Powertrain
P1109,MAF Ground Malfunction,Various Components,Powertrain
P1110,Dual Alternator Upper Fault,Various Components,Powertrain
P1111,Dual Alternator Lower Fault/ Manifold Absolute Pressure (MAP) Sensor Circuit Intermittent High Voltage,Various Components,Powertrain
P1112,Dual Alternator Lower Circuit Malfunction/ Manifold Absolute Pressure (MAP) Sensor Circuit Intermittent Low Voltage,Various Components,Powertrain
P1113,Dual Alternator Battery Lamp Circuit Malfunction,Various Components,Powertrain
P1114,IAT - B Sensor Intermittent,Various Components,Powertrain
P1115,IAT Sensor (D/C) Open/Short,Various Components,Powertrain
P1116,Intake Air Temperature (IAT) Sensor Circuit Intermittent High Voltage,Various Components,Powertrain
P1117,Intake Air Temperature (IAT) Sensor Circuit Intermittent Low Voltage,Various Components,Powertrain
P1118,IAT Sensor Open/Short,Various Components,Powertrain
P1119,Engine Coolant Temperature (ECT) Sensor Circuit Intermittent Low Voltage/IAT - B Circuit Low Input,Various Components,Powertrain
P1120,Engine Coolant Temperature (ECT) Sensor Circuit Intermittent High Voltage/IAT - B Circuit High Input,Various Components,Powertrain
P1121,Engine Coolant sensor out of range/ECT Sensor Out Of Self Test Range,Various Components,Powertrain
P1122,Engine Coolant Sensor intermittent/ECT Sensor Intermittent,Various Components,Powertrain
P1123,Manifold Absolute Temperature Circuit Low Input,Various Components,Powertrain
P1124,Manifold Absolute Temperature Circuit High Input,Various Components,Powertrain
P1125,Throttle position sensor out of range,Various Components,Powertrain
P1126,Throttle Position (TP) Sensor Circuit Intermittent High Voltage,Various Components,Powertrain
P1127,Throttle Position (TP) Sensor Circuit Intermittent Low Voltage,Various Components,Powertrain
P1128,Throttle Position Sensor In Range But Higher Than Expected,Various Components,Powertrain
P1129,Throttle Position Sensor Out Of Self Test Range,Various Components,Powertrain
P1130,Throttle position sensor intermittent,Various Components,Powertrain
P1131,Throttle Position (Narrow Range) Sensor Circuit Malfunction,Various Components,Powertrain
P1132,Exhaust Not Warm,Various Components,Powertrain
P1133,Upstream Heated O2 Sensors Swapped,Various Components,Powertrain
P1134,Downstream Heated O2 Sensors Swapped,Various Components,Powertrain
P1135,Lack Of HO2S Switch - Adaptive Fuel At Limit,Various Components,Powertrain
P1136,Lack Of HO2S Switch - Sensor Indicates Lean,Various Components,Powertrain
P1137,Lack Of HO2S Switch - Sensor Indicates Rich,Various Components,Powertrain
P1138,HO2S Insufficient Switching Sensor 1,Various Components,Powertrain
P1139,HO2S Transition Time Ratio Sensor 1,Various Components,Powertrain
P1140,Pedal Position Sensor A Circuit Intermittent,Various Components,Powertrain
P1141,Fan Control Circuit Malfunction,Various Components,Powertrain
P1142,Lack Of HO2S Switch - Sensor Indicates Lean,Various Components,Powertrain
P1143,Lack Of HO2S12 Switch - Sensor Indicates Rich,Various Components,Powertrain
P1144,Water In Fuel Indicator Circuit Malfunction,Various Components,Powertrain
P1150,Water In Fuel Condition,Various Components,Powertrain
P1151,Fuel Restriction Indicator Circuit Malfunction,Various Components,Powertrain
P1152,Fuel Restriction Condition,Various Components,Powertrain
P1153,Air Assist Control Valve Range/Performance,Various Components,Powertrain
P1154,Air Assist Control Valve Circuit Malfunction,Various Components,Powertrain
P1155,Lack Of HO2S21 Switch - Adaptive Fuel At Limit,Various Components,Powertrain
P1156,Lack Of HO2S21 Switch - Sensor Indicates Lean,Various Components,Powertrain
P1157,Lack Of HO2S21 Switch - Sensor Indicates Rich,Various Components,Powertrain
P1158,Bank 2 Fuel Control Shifted Lean,Various Components,Powertrain
P1159,Bank 2 Fuel Control Shifted Rich,Various Components,Powertrain
P1167,Alternative Fuel Controller,Various Components,Powertrain
P1168,Fuel Select Switch Malfunction,Various Components,Powertrain
P1169,Lack Of HO2S22 Switch - Sensor Indicates Lean,Various Components,Powertrain
P1170,Lack Of HO2S22 Switch - Sensor Indicates Rich,Various Components,Powertrain
P1171,Fuel Stepper Motor Malfunction,Various Components,Powertrain
P1172,Invalid Test,Various Components,Powertrain
P1173,Fuel Rail Sensor In-Range Low Failure,Various Components,Powertrain
P1174,Fuel Rail Sensor In-Range High Failure,Various Components,Powertrain
P1175,ESO - Engine Shut Off Solenoid Fault,Various Components,Powertrain
P1176,Rotor Sensor Fault,Various Components,Powertrain
P1177,Rotor Control Fault,Various Components,Powertrain
P1178,Rotor Calibration Fault,Various Components,Powertrain
P1180,Cam Sensor Fault,Various Components,Powertrain
P1181,Cam Control Fault,Various Components,Powertrain
P1182,Cam Calibration Fault,Various Components,Powertrain
P1183,Synchronization Fault,Various Components,Powertrain
P1184,( open ),Various Components,Powertrain
P1185,Fuel Delivery System Malfunction - Low,Various Components,Powertrain
P1186,Fuel Delivery System Malfunction - High,Various Components,Powertrain
P1187,Fuel Shut Off Solenoid Malfunction,Various Components,Powertrain
P1188,Engine Oil Temperature Circuit Malfunction,Various Components,Powertrain
P1189,Engine Oil Temperature Out Of Self Test Range,Various Components,Powertrain
P1190,FTS High - Fuel Pump Temperature Sensor High,Various Components,Powertrain
P1191,FTS Low - Fuel Pump Temperature Sensor Low,Various Components,Powertrain
P1192,Variant Selection,Various Components,Powertrain
P1193,Calibration Memory Fault,Various Components,Powertrain
P1194,Pump Speed Signal Fault,Various Components,Powertrain
P1195,Calibration Resistor Out Of Range,Various Components,Powertrain
P1196,Key Line Voltage,Various Components,Powertrain
P1197,Voltage External,Various Components,Powertrain
P1198,EGR Drive Overcurrent,Various Components,Powertrain
P1199,ECU A/D Converter,Various Components,Powertrain
P1200,SCP HBCC Failed To Initialize,Various Components,Powertrain
P1201,Key Off Voltage High,Various Components,Powertrain
P1202,Key Off Voltage Low,Various Components,Powertrain
P1203,Pump Rotor Control Underfueling,Various Components,Powertrain
P1204,Fuel Level Input Circuit Low,Various Components,Powertrain
P1205,Injector Control Circuit,Various Components,Powertrain
P1206,Injector Circuit Open / Shorted - Cylinder #1,Various Components,Powertrain
P1209,Injector Circuit Open / Shorted - Cylinder #2,Various Components,Powertrain
P1210,Injector Circuit Open / Shorted - Cylinder #3,Various Components,Powertrain
P1211,Injector Circuit Open / Shorted - Cylinder #4,Various Components,Powertrain
P1212,Injector Circuit Open / Shorted - Cylinder #5,Various Components,Powertrain
P1213,Injector Circuit Open / Shorted - Cylinder #6,Various Components,Powertrain
P1214,Injector Control Pressure System Fault,Various Components,Powertrain
P1215,Injector Control Pressure Above Expected Level,Various Components,Powertrain
P1216,Injector Control Pressure Sensor Above / Below Desired,Various Components,Powertrain
P1217,Injector Control Pressure Not Detected During Crank,Various Components,Powertrain
P1218,Start Injector Circuit Malfunction,Various Components,Powertrain
P1219,Pedal Position Sensor B Circuit Intermittent,Various Components,Powertrain
P1220,Pedal Position Sensor C Circuit Low Input,Various Components,Powertrain
P1221,Pedal Position Sensor C Circuit High Input,Various Components,Powertrain
P1222,Pedal Position Sensor C Circuit Intermittent,Various Components,Powertrain
P1223,CID High,Various Components,Powertrain
P1224,CID Low,Various Components,Powertrain
P1225,Series Throttle Control System Malfunction,Various Components,Powertrain
P1226,Traction Control System Malfunction,Various Components,Powertrain
P1227,Traction Control Output Circuit Malfunction,Various Components,Powertrain
P1228,Pedal Demand Sensor B Circuit High Input,Various Components,Powertrain
P1229,Throttle Position Sensor B Out Of Self Test Range,Various Components,Powertrain
P1230,Needle Lift Sensor Malfunction,Various Components,Powertrain
P1231,Control Sleeve Sensor Malfunction,Various Components,Powertrain
P1232,Wastegate Failed Closed (Over Pressure),Various Components,Powertrain
P1233,Wastegate Failed Open (Under Pressure),Various Components,Powertrain
P1234,Intercooler Pump Driver Fault,Various Components,Powertrain
P1235,Fuel Pump Low Speed Malfunction,Various Components,Powertrain
P1236,Fuel Pump Secondary Circuit Low,Various Components,Powertrain
P1237,Fuel Pump Speed Primary Circuit Malfunction,Various Components,Powertrain
P1238,Fuel Pump Driver Module Off Line,Various Components,Powertrain
P1239,Fuel Pump Driver Module Off Line,Various Components,Powertrain
P1240,Fuel Pump Control Out Of Range,Various Components,Powertrain
P1241,Fuel Pump Control Out Of Range,Various Components,Powertrain
P1242,Fuel Pump Secondary Circuit Malfunction,Various Components,Powertrain
P1243,Fuel Pump Secondary Circuit Malfunction,Various Components,Powertrain
P1244,Speed Fuel Pump Positive Feed Fault,Various Components,Powertrain
P1245,Sensor Power Supply Malfunction,Various Components,Powertrain
P1246,Sensor Power Supply Low Input,Various Components,Powertrain
P1247,Sensor Power Supply High Input,Various Components,Powertrain
P1248,Second Fuel Pump Faulty or Ground Fault,Various Components,Powertrain
P1249,Alternator Load Input Failed High,Various Components,Powertrain
P1250,Alternator Load Input Failed Low,Various Components,Powertrain
P1251,Alternator Load Input Failed,Various Components,Powertrain
P1252,Turbo Boost Pressure Low,Various Components,Powertrain
P1253,Turbo Boost Pressure Not Detected,Various Components,Powertrain
P1254,Wastegate Control Valve Performance,Various Components,Powertrain
P1255,PRC Solenoid Circuit Malfunction,Various Components,Powertrain
P1256,Air Mixture Solenoid Circuit Malfunction,Various Components,Powertrain
P1257,Pedal Correlation PDS1 and LPDS High,Various Components,Powertrain
P1258,Pedal Correlation PDS1 and LPDS Low,Various Components,Powertrain
P1259,Pedal Correlation PDS2 and LPDS High,Various Components,Powertrain
P1260,Pedal Correlation PDS2 and LPDS Low,Various Components,Powertrain
P1261,Pedal Correlation PDS1 and HPDS,Various Components,Powertrain
P1262,Pedal Correlation PDS2 and HPDS,Various Components,Powertrain
P1263,Pedal Correlation PDS1 and PDS2,Various Components,Powertrain
P1264,Immobilizer to PCM Signal Error,Various Components,Powertrain
P1265,THEFT Detected,Various Components,Powertrain
P1266,Cylinder #1 High To Low Side Short,Various Components,Powertrain
P1267,Cylinder #2 High To Low Side Short,Various Components,Powertrain
P1268,Cylinder #3 High To Low Side Short,Various Components,Powertrain
P1269,Cylinder #4 High To Low Side Short,Various Components,Powertrain
P1270,Cylinder #5 High To Low Side Short,Various Components,Powertrain
P1271,Cylinder #6 High To Low Side Short,Various Components,Powertrain
P1272,Cylinder #7 High To Low Side Short,Various Components,Powertrain
P1273,Cylinder #8 High To Low Side Short,Various Components,Powertrain
P1274,Immobilizer Code Not Programmed,Various Components,Powertrain
P1275,Engine RPM Or Speed Limiter Reached,Various Components,Powertrain
P1276,Cylinder #1 High To Low Side Open,Various Components,Powertrain
P1277,Cylinder #2 High To Low Side Open,Various Components,Powertrain
P1278,Cylinder #3 High To Low Side Open,Various Components,Powertrain
P1280,Cylinder #4 High To Low Side Open,Various Components,Powertrain
P1281,Cylinder #5 High To Low Side Open,Various Components,Powertrain
P1282,Cylinder #6 High To Low Side Open,Various Components,Powertrain
P1283,Cylinder #7 High To Low Side Open,Various Components,Powertrain
P1284,Cylinder #8 High To Low Side Open,Various Components,Powertrain
P1285,Injection Control Pressure Out Of Range Low,Various Components,Powertrain
P1286,Injection Control Pressure Out Of Range High,Various Components,Powertrain
P1287,Excessive Injection Control Pressure,Various Components,Powertrain
P1288,IPR Circuit Failure,Various Components,Powertrain
P1289,Aborted KOER - ICP Failure,Various Components,Powertrain
P1290,Cylinder head over temp sensed,Various Components,Powertrain
P1291,Fuel Pulse In Range But Lower Than Expected,Various Components,Powertrain
P1292,Fuel Pulse In Range But Higher Than Expected,Various Components,Powertrain
P1293,Cylinder Head Temp Sensor Out Of Self Test Range,Various Components,Powertrain
P1294,Cylinder Head Temp Sensor High Input,Various Components,Powertrain
P1295,Cylinder Head Temp Sensor Low Input,Various Components,Powertrain
P1296,Injector High Side Short To GND Or VBATT - Bank 1,Various Components,Powertrain
P1297,Injector High Side Short To GND Or VBATT - Bank 2,Various Components,Powertrain
P1298,Injector High Side Open - Bank 1,Various Components,Powertrain
P1299,Injector High Side Open - Bank 2/Target idle not reached,Various Components,Powertrain
P1300,Multi-faults - Bank 1 - With Low Side Shorts,Various Components,Powertrain
P1301,Multi-faults - Bank 2 - With Low Side Shorts,Various Components,Powertrain
P1302,Injector High Sides Shorted Together,Various Components,Powertrain
P1303,IDM Failure,Various Components,Powertrain
P1304,Cylinder Head Overtemperature Protection Active,Various Components,Powertrain
P1305,Boost Calibration Fault,Various Components,Powertrain
P1306,Boost Calibration High,Various Components,Powertrain
P1307,Boost Calibration Low,Various Components,Powertrain
P1308,EGR Calibration Fault,Various Components,Powertrain
P1309,EGR Calibration High,Various Components,Powertrain
P1313,EGR Calibration Low,Various Components,Powertrain
P1314,Kickdown Relay Pull - In Circuit Fault,Various Components,Powertrain
P1315,Kickdown Relay Hold Circuit Fault,Various Components,Powertrain
P1316,A/C Clutch Circuit Fault,Various Components,Powertrain
P1317,Misfire Monitor AICE Chip Fault,Various Components,Powertrain
P1336,Misfire Rate Catalyst Damage Fault - Bank 1,Various Components,Powertrain
P1340,Misfire Rate Catalyst Damage Fault - Bank 2,Various Components,Powertrain
P1341,Persistent Misfire,Various Components,Powertrain
P1345,Injector Circuit / IDM Codes Detected,Various Components,Powertrain
P1346,Injector Circuit / IDM Codes Not Updated,Various Components,Powertrain
P1347,Crank / Cam Sensor Range / Performance,Various Components,Powertrain
P1348,Camshaft Position Sensor B Circuit Malfunction,Various Components,Powertrain
P1349,Camshaft Position Sensor B Range / Performance,Various Components,Powertrain
P1350,SGC (Cam Position) Sensor Circuit Malfunction/ Crankshaft Position - Camshaft Position Correlation,Various Components,Powertrain
P1351,Fuel Level Sensor B Circuit Malfunction,Various Components,Powertrain
P1352,Fuel Level Sensor B Range / Performance,Various Components,Powertrain
P1353,Fuel Level Sensor B Circuit Low,Various Components,Powertrain
P1354,Fuel Level Sensor B Circuit High,Various Components,Powertrain
P1355,Fuel Level Sensor B Intermittent/Bypass Line Monitor,Various Components,Powertrain
P1360,IDM Input Circuit Malfunction/ Ignition Coil Control Circuit High Voltage,Various Components,Powertrain
P1361,Ignition Coil A Primary Circuit Malfunction,Various Components,Powertrain
P1362,Ignition Coil B Primary Circuit Malfunction,Various Components,Powertrain
P1363,Ignition Coil C Primary Circuit Malfunction,Various Components,Powertrain
P1364,Ignition Coil D Primary Circuit Malfunction,Various Components,Powertrain
P1365,Ignition Coil A Secondary Circuit Malfunction,Various Components,Powertrain
P1366,Ignition Control (IC) Circuit Low Voltage,Various Components,Powertrain
P1367,Ignition Coil C Secondary Circuit Malfunction,Various Components,Powertrain
P1368,Ignition Coil D Secondary Circuit Malfunction,Various Components,Powertrain
P1369,Ignition Coil Primary Circuit Failure,Various Components,Powertrain
P1370,Ignition Coil Secondary Circuit Failure,Various Components,Powertrain
P1371,Ignition Spare,Various Components,Powertrain
P1372,Ignition Spare,Various Components,Powertrain
P1373,Ignition Spare,Various Components,Powertrain
P1374,Engine Temperature Light Monitor Failure,Various Components,Powertrain
P1375,Insufficient RMP Increase During Spark Test,Various Components,Powertrain
P1376,Ignition Coil - Cylinder 1 - Early Activation Fault,Various Components,Powertrain
P1380,Ignition Coil - Cylinder 2 - Early Activation Fault,Various Components,Powertrain
P1381,Ignition Coil - Cylinder 3 - Early Activation Fault,Various Components,Powertrain
P1382,Crankshaft Position (CKP)/Ignition Coil - Cylinder 4 - Early Activation Fault,Various Components,Powertrain
P1383,Ignition Coil - Cylinder 5 - Early Activation Fault,Various Components,Powertrain
P1384,Ignition Coil - Cylinder 6 - Early Activation Fault,Various Components,Powertrain
P1385,Misfire Detected - Rough Road Data Not Available,Various Components,Powertrain
P1386,Variable Cam Timing Overadvanced (Bank #1)/ Misfire Detected - No Communication with BCM,Various Components,Powertrain
P1387,Variable Cam Timing Solenoid #1 Circuit Malfunction,Various Components,Powertrain
P1388,Variable Cam Timing Overretarded (Bank #1),Various Components,Powertrain
P1389,VVT Solenoid A Malfunction,Various Components,Powertrain
P1390,Variable Cam Timing Solenoid B Malfunction,Various Components,Powertrain
P1391,Variable Cam Timing Overadvanced (Bank #2),Various Components,Powertrain
P1392,Variable Cam Timing Solenoid #2 Circuit Malfunction,Various Components,Powertrain
P1393,Variable Cam Timing Overretarded (Bank #2),Various Components,Powertrain
P1394,Glow Plug Circuit High Side Low Input,Various Components,Powertrain
P1395,Octane Adjust Pin Out Of Self Test Range,Various Components,Powertrain
P1396,Glow Plug Circuit Low Input (Bank #1),Various Components,Powertrain
P1397,Glow Plug Circuit High Input (Bank #1),Various Components,Powertrain
P1398,Glow Plug Circuit Low Input (Bank #2),Various Components,Powertrain
P1399,Glow Plug Circuit High Input (Bank #2),Various Components,Powertrain
P1400,Glow Plug Monitor Fault (Bank #1),Various Components,Powertrain
P1401,Glow Plug Monitor Fault (Bank #2),Various Components,Powertrain
P1402,System Voltage Out Of Self Test Range,Various Components,Powertrain
P1403,VVT Solenoid B Circuit High Input,Various Components,Powertrain
P1404,Glow Plug Circuit High Side,Various Components,Powertrain
P1405,DPFE Circuit Low Input,Various Components,Powertrain
P1406,DPFE Circuit High Input,Various Components,Powertrain
P1407,EGR Metering Orifice Restricted,Various Components,Powertrain
P1408,DPFE Sensor Hoses Reversed,Various Components,Powertrain
P1409,IAT - B Circuit Malfunction/ Exhaust Gas Recirculation Closed Position Performance,Various Components,Powertrain
P1411,DPFE Sensor Upstream Hose Off Or Plugged,Various Components,Powertrain
P1413,Exhaust Gas Recirculation (EGR) Position Sensor Performance,Various Components,Powertrain
P1414,EGR No Flow Detected,Various Components,Powertrain
P1415,EGR Flow Out Of Self Test Range,Various Components,Powertrain
P1416,EVR Control Circuit Malfunction,Various Components,Powertrain
P1417,SAI System Incorrect Downstream Flow Detected,Various Components,Powertrain
P1418,SAI System Monitor Circuit Low Input,Various Components,Powertrain
P1419,SAI System Monitor Circuit High Input,Various Components,Powertrain
P1420,Air Pump Circuit Malfunction/ (AIR) System Bank 1,Various Components,Powertrain
P1421,Port Air Circuit Malfunction/ (AIR) System Bank 2,Various Components,Powertrain
P1422,Port Air Relief Circuit Malfunction,Various Components,Powertrain
P1423,Split Air #1 Circuit Malfunction,Various Components,Powertrain
P1424,Split Air #2 Circuit Malfunction,Various Components,Powertrain
P1425,Catalyst Temperature Sensor Failure,Various Components,Powertrain
P1426,Catalyst Damage,Various Components,Powertrain
P1427,EGI Temperature Sensor Failure,Various Components,Powertrain
P1428,EGI Functionality Test Failed,Various Components,Powertrain
P1429,EGI Glow Plug Primary Failure,Various Components,Powertrain
P1430,EGI Glow Plug Secondary Failure,Various Components,Powertrain
P1433,EGI Mini - MAF Failed Out Of Range,Various Components,Powertrain
P1434,EGI Mini - MAF Failed Short Circuit,Various Components,Powertrain
P1435,EGI Mini - MAF Failed Open Circuit,Various Components,Powertrain
P1436,Electric Air Pump Primary Failure,Various Components,Powertrain
P1437,Electric Air Pump Secondary Failure,Various Components,Powertrain
P1438,A/C Refrigerant Temperature Circuit Low,Various Components,Powertrain
P1439,A/C Refrigerant Temperature Circuit High,Various Components,Powertrain
P1440,A/C Refrigerant Temperature Circuit Range/Performance,Various Components,Powertrain
P1441,A/C Evaporator Air Temperature Circuit Low,Various Components,Powertrain
P1442,A/C Evaporator Air Temperature Circuit Range/Performance,Various Components,Powertrain
P1443,Floor Temperature Switch Circuit Malfunction,Various Components,Powertrain
P1444,Purge Valve Stuck Open,Various Components,Powertrain
P1445,Evaporative Emission (EVAP) System Flow During Non-Purge Chevrolet Only,Various Components,Powertrain
P1446,Evaporative Emission (EVAP) System Flow During Non-Purge Oldsmobile Only,Various Components,Powertrain
P1447,Evaporative Emission Control System Leak Detected,Various Components,Powertrain
P1448,Evaporative Emission Control System Control Valve,Various Components,Powertrain
P1449,Purge Flow Sensor Circuit Low Input,Various Components,Powertrain
P1450,Purge Flow Sensor Circuit High Input,Various Components,Powertrain
P1451,Evaporative Vac Solenoid Circuit Malfunction,Various Components,Powertrain
P1452,ELC System Closure Valve Flow Fault,Various Components,Powertrain
P1453,ELC System 2 Fault,Various Components,Powertrain
P1454,Evaporative Check Solenoid Circuit Malfunction,Various Components,Powertrain
P1455,Unable To Bleed Up Fuel Tank Vacuum,Various Components,Powertrain
P1456,Evap  Emission Control Sys Vent Control Valve Circuit,Various Components,Powertrain
P1457,Unable To Bleed - Up Vacuum in Tank,Various Components,Powertrain
P1460,Fuel Tank Pressure Relief Valve Malfunction,Various Components,Powertrain
P1461,Evaporative System Vacuum Test Malfunction,Various Components,Powertrain
P1462,Evap  Emission Control Sys  Leak Detected (Gross Leak/No Flow),Various Components,Powertrain
P1463,Fuel Tank Temperature Sensor Circuit Malfunction,Various Components,Powertrain
P1464,Unable To Pull Vacuum In Tank,Various Components,Powertrain
P1465,Wide open throttle A/C cutoff relay circuit,Various Components,Powertrain
P1466,A/C pressure sensor circuit voltage low,Various Components,Powertrain
P1467,A/C pressure sensor circuit voltage high,Various Components,Powertrain
P1468,A/C Pressure Sensor Insufficient Pressure Change,Various Components,Powertrain
P1469,A/C Demand Out of Self Test Range,Various Components,Powertrain
P1470,A/C Relay Circuit Malfunction,Various Components,Powertrain
P1471,A/C Refrigerant Temperature Sensor/Circuit Malfunction,Various Components,Powertrain
P1472,A/C Compressor Temperature Sensor Malfunction,Various Components,Powertrain
P1473,SSPOD Open Circuit or Closed Circuit Fault,Various Components,Powertrain
P1474,Low A/C Cycling Period,Various Components,Powertrain
P1475,A/C Cycling Period Too Short,Various Components,Powertrain
P1476,Electrodrive Fan 1 Operational Failure (Driver Side),Various Components,Powertrain
P1477,Electrodrive Fan 2 Operational Failure (Passenger Side),Various Components,Powertrain
P1478,Fan Secondary High With Fan(s) Off,Various Components,Powertrain
P1479,Low Fan Control Primary Circuit Malfunction,Various Components,Powertrain
P1480,Fan Relay (Low) Circuit Malfunction,Various Components,Powertrain
P1481,Fan Relay (High) Circuit Malfunction,Various Components,Powertrain
P1482,Additional Fan Relay Circuit Malfunction,Various Components,Powertrain
P1483,Cooling Fan Driver Fault,Various Components,Powertrain
P1484,High Fan Control Primary Circuit Malfunction,Various Components,Powertrain
P1485,Fan Secondary Low with Low Fan On,Various Components,Powertrain
P1486,Fan Secondary Low With High Fan On,Various Components,Powertrain
P1487,SCP,Various Components,Powertrain
P1490,Power To Fan Circuit Overcurrent,Various Components,Powertrain
P1491,Open Power To Ground VCRM,Various Components,Powertrain
P1492,EGRV Circuit Malfunction,Various Components,Powertrain
P1493,EGRA Circuit Malfunction,Various Components,Powertrain
P1494,EGRCHK Solenoid Circuit Malfunction,Various Components,Powertrain
P1495,Secondary Air Relief Solenoid Circuit Malfunction,Various Components,Powertrain
P1500,Secondary Switch Solenoid Circuit Malfunction,Various Components,Powertrain
P1501,APLSOL Solenoid Circuit Malfunction,Various Components,Powertrain
P1502,RCNT Solenoid Circuit Malfunction,Various Components,Powertrain
P1503,SPCUT Solenoid Circuit Malfunction,Various Components,Powertrain
P1504,TCSPL Solenoid Circuit Malfunction,Various Components,Powertrain
P1505,Vehicle Speed Sensor Intermittent,Various Components,Powertrain
P1506,Vehicle Speed Sensor Out Of Self Test Range,Various Components,Powertrain
P1507,Vehicle Speed Sensor Intermittent Malfunction,Various Components,Powertrain
P1508,Auxillary Speed Sensor Fault,Various Components,Powertrain
P1509,Idle Air Control Circuit Malfunction,Various Components,Powertrain
P1510,Idle Air Control System At Adaptive Clip,Various Components,Powertrain
P1511,Idle Air Control Overspeed Error,Various Components,Powertrain
P1512,Idle Air Control Underspeed Error,Various Components,Powertrain
P1513,Idle Control System Circuit Open,Various Components,Powertrain
P1514,Idle Control System Circuit Shorted,Various Components,Powertrain
P1515,Idle Signal Circuit Malfunction,Various Components,Powertrain
P1516,Idle Switch (Electric Control Throttle) Circuit Malfunction,Various Components,Powertrain
P1517,Intake Manifold Runner Control (Bank 1) Stuck Closed,Various Components,Powertrain
P1518,Intake Manifold Runner Control (Bank 2) Stuck Closed,Various Components,Powertrain
P1519,High Load Neutral/Drive Fault,Various Components,Powertrain
P1520,Electric Current Circuit Malfunction,Various Components,Powertrain
P1521,IMRC Input Error (Bank 1),Various Components,Powertrain
P1522,IMRC Input Error (Bank 2),Various Components,Powertrain
P1523,Intake Manifold Runner Control (Stuck Open),Various Components,Powertrain
P1524,Intake Manifold Runner Control (Stuck Closed),Various Components,Powertrain
P1525,Intake Manifold Runner Control Circuit Malfunction,Various Components,Powertrain
P1526,Variable Intake Solenoid #1 Circuit Malfunction,Various Components,Powertrain
P1527,Variable Intake Solenoid #2 Circuit Malfunction,Various Components,Powertrain
P1528,IVC Solenoid Circuit Malfunction,Various Components,Powertrain
P1529,Variable Intake Solenoid System,Various Components,Powertrain
P1530,Air Bypass Valve System,Various Components,Powertrain
P1531,Air Bypass System,Various Components,Powertrain
P1532,Accelerate Warmup Solenoid Circuit Malfunction,Various Components,Powertrain
P1533,Subsidiary Throttle Valve Solenoid Circuit Malfunction,Various Components,Powertrain
P1534,SCAIR Solenoid Circuit Malfunction,Various Components,Powertrain
P1535,A/C Clutch Circuit Malfunction,Various Components,Powertrain
P1536,Invalid Test - Accelerator Pedal Movement,Various Components,Powertrain
P1537,IMCC Circuit Malfunction,Various Components,Powertrain
P1538,AAI Circuit Malfunction,Various Components,Powertrain
P1539,Inertia Switch Activated,Various Components,Powertrain
P1540,Blower Fan Speed Circuit Range/Performance,Various Components,Powertrain
P1549,Parking Brake Switch Circuit Failure,Various Components,Powertrain
P1550,Intake Manifold Runner Control (Bank 1) Stuck Open,Various Components,Powertrain
P1565,Intake Manifold Runner Control (Bank 2) Stuck Open,Various Components,Powertrain
P1566,Power To A/C Clutch Circuit Overcurrent,Various Components,Powertrain
P1567,Air Bypass Valve Circuit Malfunction,Various Components,Powertrain
P1568,IMCC Circuit Malfunction,Various Components,Powertrain
P1571,PSPS Out Of Self Test Range,Various Components,Powertrain
P1572,Speed Control Command Switch Out of Range High,Various Components,Powertrain
P1573,Speed Control Command Switch Out of Range Low,Various Components,Powertrain
P1574,Speed Control Output Circuit Continuity,Various Components,Powertrain
P1575,Speed Control Unable to Hold Speed,Various Components,Powertrain
P1576,Brake Switch Malfunction,Various Components,Powertrain
P1577,Brake Pedal Switch Circuit Malfunction,Various Components,Powertrain
P1578,Throttle Position Not Available,Various Components,Powertrain
P1579,Throttle Position Sensor Disagreement btwn Sensors,Various Components,Powertrain
P1580,Pedal Position Out of Self Test Range,Various Components,Powertrain
P1581,Pedal Position Not Available,Various Components,Powertrain
P1582,Pedal Position Sensor Disagreement btwn Sensors,Various Components,Powertrain
P1583,ETC Power Less Than Demand,Various Components,Powertrain
P1584,ETC In Power Limiting Mode,Various Components,Powertrain
P1585,Electronic Throttle Monitor PCM Override,Various Components,Powertrain
P1586,Electronic Throttle Monitor Malfunction,Various Components,Powertrain
P1587,Electronic Throttle Monitor Data Available,Various Components,Powertrain
P1588,Electronic Throttle Monitor Cruise Disable,Various Components,Powertrain
P1589,TCU Detected IPE Circuit Malfunction,Various Components,Powertrain
P1600,Throttle Control Unit Malfunction,Various Components,Powertrain
P1601,Throttle Control Unit Throttle Position Malfunction,Various Components,Powertrain
P1602,Throttle Control Unit Modulated Command Malfunction,Various Components,Powertrain
P1603,Throttle Control Unit Detected Loss of Return Spring,Various Components,Powertrain
P1604,TCU Unable To Control Desired Throttle Angle,Various Components,Powertrain
P1605,Loss of KAM Power; Open Circuit,Various Components,Powertrain
P1606,ECM/TCM Serial Communication Error,Various Components,Powertrain
P1607,Immobilizer/ECM Communication Error,Various Components,Powertrain
P1608,EEPROM Malfunction,Various Components,Powertrain
P1609,Code Word Unregestered,Various Components,Powertrain
P1610,Keep Alive Memory Test Failure,Various Components,Powertrain
P1611,ECM Control Relay O/P Circuit Malfunction,Various Components,Powertrain
P1612,MIL O/P Circuit Malfunction,Various Components,Powertrain
P1613,Internal ECM Malfunction,Various Components,Powertrain
P1614,Diagnostic Lamp Driver Fault,Various Components,Powertrain
P1615,SBDS Interactive Codes,Various Components,Powertrain
P1616,SBDS Interactive Codes,Various Components,Powertrain
P1617,SBDS Interactive Codes,Various Components,Powertrain
P1618,SBDS Interactive Codes,Various Components,Powertrain
P1619,SBDS Interactive Codes,Various Components,Powertrain
P1620,SBDS Interactive Codes,Various Components,Powertrain
P1621,SBDS Interactive Codes,Various Components,Powertrain
P1622,SBDS Interactive Codes,Various Components,Powertrain
P1623,SBDS Interactive Codes,Various Components,Powertrain
P1624,SBDS Interactive Codes,Various Components,Powertrain
P1625,SBDS Interactive Codes,Various Components,Powertrain
P1626,Control Module Long Term Memory Performance/ Immobilizer Code Words Do Not Match,Various Components,Powertrain
P1627,Immobilizer ID Does Not Match,Various Components,Powertrain
P1628,Immobilizer Code Word/ID Number Write Failure,Various Components,Powertrain
P1629,Anti Theft System,Various Components,Powertrain
P1630,B+ Supply To VCRM Fan Circuit Malfunction,Various Components,Powertrain
P1631,Theft Deterrent Fuel Enable Signal Not Received/ B+ Supply To VCRM A/C Circuit Malfunction,Various Components,Powertrain
P1632,Module Supply Voltage Out Of Range,Various Components,Powertrain
P1633,Module Ignition Supply Input Malfunction,Various Components,Powertrain
P1634,Internal Voltage Regulator Malfunction,Various Components,Powertrain
P1635,Internal Vref Malfunction,Various Components,Powertrain
P1636,Theft Deterrent Start Enable Signal Not Correct/ Main Relay Malfunction (Power Hold),Various Components,Powertrain
P1637,Smart Alternator Faults Sensor/Circuit Malfunction,Various Components,Powertrain
P1638,KAM Voltage Too Low,Various Components,Powertrain
P1639,Data Output Link Circuit Failure,Various Components,Powertrain
P1640,Tire / Axle Ratio Out of Acceptable Range,Various Components,Powertrain
P1641,Inductive Signature Chip Communication Error,Various Components,Powertrain
P1642,Can Link ECM/ABSCM Circuit / Network Malfunction,Various Components,Powertrain
P1643,Can Link ECM/INSTM Circuit / Network Malfunction,Various Components,Powertrain
P1644,Vehicle ID Block Corrupted or Not Programmed,Various Components,Powertrain
P1645,Powertrain DTCs Available in Another Module,Various Components,Powertrain
P1650,Fuel Pump Primary Circuit Failure,Various Components,Powertrain
P1651,Fuel Pump Monitor Circuit High Input,Various Components,Powertrain
P1652,Fuel Pump Monitor Circuit Low Input,Various Components,Powertrain
P1653,Fuel Pump Speed Control Circuit Malfunction,Various Components,Powertrain
P1654,Fuel Pump Resistor Switch Circuit Malfunction,Various Components,Powertrain
P1655,PSP Switch Out of Self Test Range,Various Components,Powertrain
P1660,PSP Switch Input Malfunction,Various Components,Powertrain
P1661,IAC Monitor Disabled by PSP Switch Failed On,Various Components,Powertrain
P1662,Power Steering Output Circuit Malfunction,Various Components,Powertrain
P1663,Recirculation Override Circuit Malfunction,Various Components,Powertrain
P1667,Starter Disable Circuit Malfunction,Various Components,Powertrain
P1668,Output Circuit Check Signal High,Various Components,Powertrain
P1670,Output Circuit Check Signal Low,Various Components,Powertrain
P1680,IDM_EN Circuit Failure,Various Components,Powertrain
P1681,Fuel Demand Command Signal Circuit Malfunction,Various Components,Powertrain
P1682,CI Circuit Malfunction,Various Components,Powertrain
P1683,PCM - IDM Communications Error,Various Components,Powertrain
P1684,Electronic Feedback Signal Not Detected,Various Components,Powertrain
P1685,Metering Oil Pump Malfunction,Various Components,Powertrain
P1686,Metering Oil Pump Malfunction,Various Components,Powertrain
P1687,Metering Oil Pump Malfunction,Various Components,Powertrain
P1688,Metering Oil Pump Temperature Sensor Circuit Malfunction,Various Components,Powertrain
P1689,Metering Oil Pump Position Sensor Circuit Malfunction,Various Components,Powertrain
P1690,Metering Oil Pump Stepping Motor Circuit Malfunction,Various Components,Powertrain
P1691,Metering Oil Pump Stepping Motor Circuit Malfunction,Various Components,Powertrain
P1692,Metering Oil Pump Stepping Motor Circuit Malfunction,Various Components,Powertrain
P1693,Metering Oil Pump Stepping Motor Circuit Malfunction,Various Components,Powertrain
P1694,Oil Pressure Control Solenoid Circuit Malfunction,Various Components,Powertrain
P1700,Wastegate Solenoid Circuit Malfunction,Various Components,Powertrain
P1701,Turbo Pressure Control Solenoid Circuit Malfunction,Various Components,Powertrain
P1702,Turbo Control Solenoid Circuit Malfunction,Various Components,Powertrain
P1703,Turbo Charge Control Circuit Malfunction,Various Components,Powertrain
P1704,Turbo Charge Relief Circuit Malfunction,Various Components,Powertrain
P1705,Transmission Indeterminate Failure (Failed to Neutral),Various Components,Powertrain
P1706,Reverse Engagement Error,Various Components,Powertrain
P1707,TRS Circuit Intermittent Malfunction,Various Components,Powertrain
P1708,Brake Switch Out Of Self Test Range,Various Components,Powertrain
P1709,Digital TRS Failed to Transition States in KOEO / KOER,Various Components,Powertrain
P1711,Not in P or N During KOEO / KOER,Various Components,Powertrain
P1712,High Vehicle Speed Observed in Park,Various Components,Powertrain
P1713,Transfer Case Neutral Indicator Hard Fault Present,Various Components,Powertrain
P1714,Clutch Switch Circuit Malfunction,Various Components,Powertrain
P1715,PNP Switch Out Of Self Test Range,Various Components,Powertrain
P1716,TFT Sensor Out Of Self Test Range,Various Components,Powertrain
P1717,Trans Torque Reduction Request Signal Malfunction,Various Components,Powertrain
P1718,TFT Sensor In Range Failure Low Value,Various Components,Powertrain
P1720,SSA Inductive Signature Malfunction,Various Components,Powertrain
P1721,SSB Inductive Signature Malfunction,Various Components,Powertrain
P1722,SSC Inductive Signature Malfunction,Various Components,Powertrain
P1723,SSD Inductive Signature Malfunction,Various Components,Powertrain
P1724,TFT Sensor In Range Failure High,Various Components,Powertrain
P1725,Vehicle Speed (Meter) Circuit Malfunction,Various Components,Powertrain
P1726,Gear 1 Incorrect Ratio,Various Components,Powertrain
P1727,Gear 2 Incorrect Ratio,Various Components,Powertrain
P1728,Gear 3 incorrect Ratio,Various Components,Powertrain
P1729,Gear 4 Incorrect Ratio,Various Components,Powertrain
P1730,Insufficient Engine Speed Increase During Self Test,Various Components,Powertrain
P1731,Insufficient Engine Speed Decrease During Self Test,Various Components,Powertrain
P1732,Coast Clutch Solenoid Inductive Signature Malfunction,Various Components,Powertrain
P1733,Transmission Slip Error,Various Components,Powertrain
P1734,4x4 Low Switch Error,Various Components,Powertrain
P1735,Gear Control Malfunction 2,Various Components,Powertrain
P1736,1-2 Shift Malfunction,Various Components,Powertrain
P1737,2-3 Shift Malfunction,Various Components,Powertrain
P1738,3-4 Shift Malfunction,Various Components,Powertrain
P1739,Gear Control Malfunction,Various Components,Powertrain
P1740,First Gear Switch Circuit Malfunction,Various Components,Powertrain
P1741,Second Gear Switch Circuit Malfunction,Various Components,Powertrain
P1742,Lockup Solenoid System,Various Components,Powertrain
P1743,Shift Time Error,Various Components,Powertrain
P1744,Slip Solenoid System,Various Components,Powertrain
P1745,Torque Converter Clutch Inductive Signature Malfunction,Various Components,Powertrain
P1746,Torque Converter Clutch Control Error,Various Components,Powertrain
P1747,Torque Converter Clutch Solenoid Failed On,Various Components,Powertrain
P1748,Torque Converter Clutch Solenoid Failied On,Various Components,Powertrain
P1749,Torque Converter Clutch System Performance,Various Components,Powertrain
P1751,Line Pressure Solenoid System,Various Components,Powertrain
P1754,"Pressure Control Solenoid ""A"" Open Circuit",Various Components,Powertrain
P1755,"Pressure Control Solenoid ""A"" Short Circuit",Various Components,Powertrain
P1756,EPC Malfunction,Various Components,Powertrain
P1760,Pressure Control Solenoid Failed Low,Various Components,Powertrain
P1761,Shift Solenoid A Performance,Various Components,Powertrain
P1762,Coast Clutch Solenoid Circuit Malfunction,Various Components,Powertrain
P1765,Intermediate Speed Sensor (ISS) Malfunction,Various Components,Powertrain
P1767,Shift Solenoid B Performance,Various Components,Powertrain
P1768,"Pressure Control Solenoid ""A"" Short Circuit",Various Components,Powertrain
P1769,Shift Solenoid C Performance,Various Components,Powertrain
P1770,Overdrive Band Failed Off,Various Components,Powertrain
P1775,Timing Solenoid Circuit Malfunction,Various Components,Powertrain
P1776,Torque Converter Clutch Circuit Malfunction,Various Components,Powertrain
P1777,Performance / Normal / Winter Mode Input Malfunction,Various Components,Powertrain
P1778,AG4 Transmission Torque Modulation Fault,Various Components,Powertrain
P1779,Clutch Solenoid Circuit Malfunction,Various Components,Powertrain
P1780,Transmission System MIL Fault,Various Components,Powertrain
P1781,Ignition Retard Request Duration Fault,Various Components,Powertrain
P1782,Ignition Retard Request Circuit Fault,Various Components,Powertrain
P1783,Transmission Reverse I/P Circuit Malfunction,Various Components,Powertrain
P1784,TCIL Circuit Malfunction,Various Components,Powertrain
P1785,Trans Control Switch (O/D Cancel) Out of Self Test Range,Various Components,Powertrain
P1786,4X4 Switch Out of Self Test Range,Various Components,Powertrain
P1787,P/ES Circuit Out Of Self Test Range,Various Components,Powertrain
P1788,Transmission Overtemperature Condition,Various Components,Powertrain
P1789,Transmission Mechanical Failure - First And Reverse,Various Components,Powertrain
P1790,Transmission Mechanical Failure - First And Second,Various Components,Powertrain
P1791,3-2 Downshift Error,Various Components,Powertrain
P1792,2-1 Downshift Error,Various Components,Powertrain
P1793,"Pressure Control Solenoid ""B"" Open Circuit",Various Components,Powertrain
P1794,"Pressure Control Solenoid ""B"" Short Circuit",Various Components,Powertrain
P1795,TP (Mechanical) Circuit Malfunction,Various Components,Powertrain
P1796,TP (Electric) Circuit Malfunction,Various Components,Powertrain
P1797,Barometer Pressure Circuit Malfunction,Various Components,Powertrain
P1798,Intake Air Volume Circuit Malfunction,Various Components,Powertrain
P1799,Battery Voltage Circuit Malfunction,Various Components,Powertrain
P1800,Idle Switch Circuit Malfunction,Various Components,Powertrain
P1801,Kick Down Switch Circuit Malfunction,Various Components,Powertrain
P1802,Neutral Switch Circuit Malfunction,Various Components,Powertrain
P1803,Coolant Temperature Circuit Malfunction,Various Components,Powertrain
P1804,Hold Switch Circuit Malfunction,Various Components,Powertrain
P1805,Transmission Clutch Interlock Safety Switch Circuit Failure,Various Components,Powertrain
P1806,Transmission Clutch Interlock Safety Switch Open Circuit,Various Components,Powertrain
P1807,Transmission Clutch Interlock Safety Switch Short Circuit To Battery,Various Components,Powertrain
P1808,Transmission Clutch Interlock Safety Switch Short Circuit To Ground,Various Components,Powertrain
P1809,Transmission 4-Wheel Drive High Indicator Circuit Failure,Various Components,Powertrain
P1810,Transmission 4-Wheel Drive High Indicator Open Circuit,Various Components,Powertrain
P1811,Transmission 4-Wheel Drive High Indicator Short Circuit To Battery,Various Components,Powertrain
P1812,Transmission 4-Wheel Drive High Indicator Short Circuit To Ground,Various Components,Powertrain
P1813,Transmission 4-Wheel Drive Low Indicator Circuit Failure,Various Components,Powertrain
P1814,Transmission 4-Wheel Drive Low Indicator Open Circuit,Various Components,Powertrain
P1815,TFP Valve Position Switch Circuit/ Transmission 4-Wheel Drive Low Indicator Short Circuit To Battery,Various Components,Powertrain
P1816,Transmission 4-Wheel Drive Low Indicator Short Circuit To Ground,Various Components,Powertrain
P1817,Transmission 4-Wheel Drive Mode Select Circuit Failure,Various Components,Powertrain
P1818,Transmission 4-Wheel Drive Mode Select Open Circuit,Various Components,Powertrain
P1819,Transmission 4-Wheel Drive Mode Select Short Circuit To Battery,Various Components,Powertrain
P1820,Transmission 4-Wheel Drive Mode Select Short Circuit To Ground,Various Components,Powertrain
P1821,Transmission Neutral Safety Switch Circuit Failure,Various Components,Powertrain
P1822,Transmission Neutral Safety Switch Open Circuit,Various Components,Powertrain
P1823,Transmission Neutral Safety Switch Short Circuit To Battery,Various Components,Powertrain
P1824,Transmission Neutral Safety Switch Short Circuit To Ground,Various Components,Powertrain
P1825,Transmission Transfer Case Clockwise Shift Relay Coil Circuit Failure,Various Components,Powertrain
P1826,Transmission Transfer Case Clockwise Shift Relay Coil Open Circuit,Various Components,Powertrain
P1827,Transmission Transfer Case Clockwise Shift Relay Coil Short Circuit To Battery,Various Components,Powertrain
P1828,Transmission Transfer Case Clockwise Shift Relay Coil Short Circuit To Ground,Various Components,Powertrain
P1829,Transmission 4-Wheel Drive Clutch Relay Circuit Failure,Various Components,Powertrain
P1830,Transmission 4-Wheel Drive Clutch Relay Open Circuit,Various Components,Powertrain
P1831,Transmission 4-Wheel Drive Low Clutch Relay Circuit To Battery,Various Components,Powertrain
P1832,Transmission 4-Wheel Drive Low Clutch Relay Circuit To Ground,Various Components,Powertrain
P1833,Transmission Transfer Case Counter Clockwise Shift Relay Coil Circuit Failure,Various Components,Powertrain
P1834,Transmission Transfer Case Counter Clockwise Shift Relay Coil Open Circuit,Various Components,Powertrain
P1835,Transmission Transfer Case Counter Clockwise Shift Relay Coil Short Circuit To Battery,Various Components,Powertrain
P1836,Transmission Transfer Case Counter Clockwise Shift Relay Coil Short Circuit To Ground,Various Components,Powertrain
P1837,Transmission Transfer Case Differential Lock-Up Solenoid Circuit Failure,Various Components,Powertrain
P1838,Transmission Transfer Case Differential Lock-Up Solenoid Open Circuit,Various Components,Powertrain
P1839,Transmission Transfer Case Differential Lock-Up Solenoid Short Circuit To Battery,Various Components,Powertrain
P1840,Transmission Transfer Case Differential Lock-Up Solenoid Short Circuit To Ground,Various Components,Powertrain
P1841,Transmission Transfer Case Front Shaft Speed Sensor Circuit Failure,Various Components,Powertrain
P1842,Transmission Transfer Case Rear Shaft Speed Sensor Circuit Failure,Various Components,Powertrain
P1843,Transmission Transfer Case Shift Motor Circuit Failure,Various Components,Powertrain
P1844,Transmission Transfer Case Shift Motor Open Circuit,Various Components,Powertrain
P1845,Transmission Transfer Case Shift Motor Short Circuit To Battery,Various Components,Powertrain
P1846,Transmission Transfer Case Shift Motor Short Circuit To Ground,Various Components,Powertrain
P1847,Transmission Transfer Case Differential Lock-Up Feedback Switch Circuit Failure,Various Components,Powertrain
P1848,Transmission Transfer Case Differential Lock-Up Feedback Switch Open Circuit,Various Components,Powertrain
P1849,Transmission Transfer Case Differential Lock-Up Feedback Switch Short Circuit To Battery,Various Components,Powertrain
P1850,Transmission Transfer Case Differential Lock-Up Feedback Switch Short Circuit To Ground,Various Components,Powertrain
P1867,Transmission Transfer Case Contact Plate Power Circuit Failure,Various Components,Powertrain
P1868,Transmission Transfer Case Contact Plate Power Open Circuit,Various Components,Powertrain
P1869,Transmission Transfer Case Contact Plate Power Short To Battery,Various Components,Powertrain
P1870,Transmission Transfer Case Contact Plate Power Short To Ground,Various Components,Powertrain
P1871,Transmission Transfer Case System Concern - Servicing Required,Various Components,Powertrain
P1872,Transmission Transfer Case Contact Plate General Circuit Failure,Various Components,Powertrain
P1873,Transmission Automatic 4-Wheel Drive Indicator (Lamp) Circuit Failure,Various Components,Powertrain
P1874,Transmission Automatic 4-Wheel Drive Indicator (Lamp) Circuit Short To Battery,Various Components,Powertrain
P1875,Transmission Component Slipping/ Transmission Mechanical Transfer Case 4x4 Switch Circuit Failure,Various Components,Powertrain
P1876,Transmission Mechanical Transfer Case 4x4 Switch Circuit Short To Battery,Various Components,Powertrain
P1877,Transmission Mechanical 4-Wheel Drive Axle Lock Lamp Circuit Failure,Various Components,Powertrain
P1878,Transmission Mechanical 4-Wheel Drive Axle Lock Lamp Circuit Short To Battery,Various Components,Powertrain
P1879,Transmission Automatic Hall Effect Sensor Power Circuit Failure,Various Components,Powertrain
P1880,Transmission Automatic Hall Effect Sensor Power Circuit Short To Battery / 4WD Low Switch Circuit Electrical,Various Components,Powertrain
P1881,Transmission Transfer Case 2-Wheel Drive Solenoid Circuit Failure,Various Components,Powertrain
P1882,Transmission Transfer Case 2-Wheel Drive Solenoid Circuit Short To Battery,Various Components,Powertrain
P1883,Transmission Transfer Case Disengaged Solenoid Circuit Failure,Various Components,Powertrain
P1884,Transmission Transfer Case Disengaged Solenoid Open Circuit,Various Components,Powertrain
P1885,Transmission Transfer Case Disengaged Solenoid Short to Battery,Various Components,Powertrain
P1886,Engine Coolant Level Switch Circuit Failure,Various Components,Powertrain
P1890,Engine Coolant Level Switch Circuit Short to Ground,Various Components,Powertrain
P1891,Engine Coolant Level Switch Circuit Failure,Various Components,Powertrain
P1900,Engine Coolant Level Lamp Circuit Short to Ground,Various Components,Powertrain
P1901,Transmission Transfer Case Disengaged Solenoid Short to Ground,Various Components,Powertrain
P1902,4X4 Initialization Failure,Various Components,Powertrain
P1903,Transmission 4WD Mode Select Return Input Circuit Failure,Various Components,Powertrain
P1904,Transmission Transfer Case Contact Plate Ground Return Open Circuit,Various Components,Powertrain
P1905,OSS Circuit Intermittent Malfunction,Various Components,Powertrain
P1906,TSS Circuit Intermittent Malfunction,Various Components,Powertrain
P1907,"Pressure Control Solenoid ""B"" Intermittent Short",Various Components,Powertrain
P1908,"Pressure Control Solenoid ""C"" Short Circuit",Various Components,Powertrain
P1909,"Pressure Control Solenoid ""C"" Open Circuit",Various Components,Powertrain
P1910,"Pressure Control Solenoid ""C"" Intermittent Short",Various Components,Powertrain
P1911,Kickdown Pull Relay Open or Short Circuit to Ground,Various Components,Powertrain
P1912,Kickdown Hold Relay Open or Short Circuit to Ground,Various Components,Powertrain
P1913,Transmission Pressure Circuit Solenoid Open or Short to Ground,Various Components,Powertrain
P1914,Trans  Temp  Sensor Circuit Open or Shorted to Pwr  or Gnd,Various Components,Powertrain
P1915,VFS A Pressure Output Failed Low,Various Components,Powertrain
P1916,VFS B Pressure Output Failed Low,Various Components,Powertrain
P1917,VFS C Pressure Output Failed Low,Various Components,Powertrain
P1918,Pressure Switch A Circuit Malfunction,Various Components,Powertrain
B1200,Climate Control Pushbutton Circuit Failure,Various Components,Body
B1201,Fuel Sender Circuit Failure,Various Components,Body
B1202,Fuel Sender Circuit Open,Various Components,Body
B1203,Fuel Sender Circuit Short To Battery,Various Components,Body
B1204,Fuel Sender Circuit Short To Ground,Various Components,Body
B1205,EIC Switch-1 Assembly Circuit Failure,Various Components,Body
B1206,EIC Switch-1 Assembly Circuit Open,Various Components,Body
B1207,EIC Switch-1 Assembly Circuit Short To Battery,Various Components,Body
B1208,EIC Switch-1 Assembly Circuit Short To Ground,Various Components,Body
B1209,EIC Switch-2 Assembly Circuit Failure,Various Components,Body
B1210,EIC Switch-2 Assembly Circuit Open,Various Components,Body
B1211,EIC Switch-2 Assembly Circuit Short To Battery,Various Components,Body
B1212,EIC Switch-2 Assembly Circuit Short To Ground,Various Components,Body
B1213,Anti-Theft Number of Programmed Keys Is Below Minimum,Various Components,Body
B1214,Running Board Lamp Circuit Failure,Various Components,Body
B1215,Running Board Lamp Circuit Short to Battery,Various Components,Body
B1216,Emergency & Road Side Assistance Switch Circuit Short to Ground,Various Components,Body
B1217,Horn Relay Coil Circuit Failure,Various Components,Body
B1218,Horn Relay Coil Circuit Short to Vbatt,Various Components,Body
B1219,Fuel Tank Pressure Sensor Circuit Failure,Various Components,Body
B1220,Fuel Tank Pressure Sensor Circuit Open,Various Components,Body
B1222,Fuel Temperature Sensor #1 Circuit Failure,Various Components,Body
B1223,Fuel Temperature Sensor #1 Circuit Open,Various Components,Body
B1224,Fuel Temperature Sensor #1 Circuit Short to Battery,Various Components,Body
B1225,Fuel Temperature Sensor #1 Circuit Short to Ground,Various Components,Body
B1226,Fuel Temperature Sensor #2 Circuit Failure,Various Components,Body
B1227,Fuel Temperature Sensor #2 Circuit Open,Various Components,Body
B1228,Fuel Temperature Sensor #2 Circuit Short to Battery,Various Components,Body
B1229,Fuel Temperature Sensor #2 Circuit Short to Ground,Various Components,Body
B1231,Longitudinal Acceleration Threshold Exceeded,Various Components,Body
B1232,See Manufacturer,Various Components,Body
B1233,Glass Break Sensor Failure,Various Components,Body
B1234,Mirror Switch Invalid Code,Various Components,Body
B1235,Window Feedback Failure,Various Components,Body
B1236,Window Feedback Loss of Signal,Various Components,Body
B1237,Window Feedback Out of Range,Various Components,Body
B1238,Over Temperature Fault,Various Components,Body
B1239,Air Flow Blend Door Driver Circuit Failure,Various Components,Body
B1240,Wiper Washer Rear Pump Relay Circuit Failure,Various Components,Body
B1241,Wiper Washer Rear Pump Relay Circuit Short to Battery,Various Components,Body
B1242,Air Flow Recirculation Door Driver Circuit Failure,Various Components,Body
B1243,Express Window Down Switch Circuit Short to Battery,Various Components,Body
B1244,Wiper Rear Motor Run Relay Circuit Failure,Various Components,Body
B1245,Wiper Rear Motor Run Relay Circuit Short to Battery,Various Components,Body
B1246,Dim Panel Potentiometer Switch Circuit Failure,Various Components,Body
B1247,Panel Dim Switch Circuit Open,Various Components,Body
B1249,Blend Door Failure,Various Components,Body
B1250,Air Temperature Internal Sensor Circuit Failure,Various Components,Body
B1251,Air Temperature Internal Sensor Circuit Open,Various Components,Body
B1252,Air Temperature Internal Sensor Circuit Short To Battery,Various Components,Body
B1253,Air Temperature Internal Sensor Circuit Short To Ground,Various Components,Body
B1254,Air Temperature External Sensor Circuit Failure,Various Components,Body
B1255,Air Temperature External Sensor Circuit Open,Various Components,Body
B1256,Air Temperature External Sensor Circuit Short To Battery,Various Components,Body
B1257,Air Temperature External Sensor Circuit Short To Ground,Various Components,Body
B1258,Solar Radiation Sensor Circuit Failure,Various Components,Body
B1259,Solar Radiation Sensor Circuit Open,Various Components,Body
B1260,Solar Radiation Sensor Circuit Short To Battery,Various Components,Body
B1261,Solar Radiation Sensor Circuit Short To Ground,Various Components,Body
B1262,Servo Motor Defrost Circuit Failure,Various Components,Body
B1263,Servo Motor Vent Circuit Failure,Various Components,Body
B1264,Servo Motor Foot Circuit Failure,Various Components,Body
B1265,Servo Motor Coolair Bypass Circuit  Failure,Various Components,Body
B1266,Servo Motor Airintake Left Circuit Failure,Various Components,Body
B1267,Servo Motor Airintake Right Circuit Failure,Various Components,Body
B1268,Servo Motor Potentiometer Defrost Circuit Failure,Various Components,Body
B1269,Servo Motor Potentiometer Defrost Circuit Open,Various Components,Body
B1270,Servo Motor Potentiometer Defrost Circuit Short To Battery,Various Components,Body
B1271,Servo Motor Potentiometer Defrost Circuit Short To Ground,Various Components,Body
B1272,Servo Motor Potentiometer Vent Circuit Failure,Various Components,Body
B1273,Servo Motor Potentiometer Vent Circuit Open,Various Components,Body
B1274,Servo Motor Potentiometer Vent Circuit Short To Battery,Various Components,Body
B1275,Servo Motor Potentiometer Vent Circuit Short To Ground,Various Components,Body
B1276,Servo Motor Potentiometer Foot Circuit Failure,Various Components,Body
B1277,Servo Motor Potentiometer Foot Circuit Open,Various Components,Body
B1278,Servo Motor Potentiometer Foot Circuit Short To Battery,Various Components,Body
B1279,Servo Motor Potentiometer Foot Circuit Short To Ground,Various Components,Body
B1280,Servo Motor Potentiometer Coolair Circuit Failure,Various Components,Body
B1281,Servo Motor Potentiometer Coolair Circuit Open,Various Components,Body
B1282,Servo Motor Potentiometer Coolair Circuit Short To Battery,Various Components,Body
B1283,Servo Motor Potentiometer Coolair Circuit Short To Ground,Various Components,Body
B1284,Servo Motor Potentiometer Airintake Left Circuit Failure,Various Components,Body
B1285,Servo Motor Potentiometer Airintake Left Circuit Open,Various Components,Body
B1286,Servo Motor Potentiometer Airintake Left Circuit Short To Battery,Various Components,Body
B1287,Servo Motor Potentiometer Airintake Left Circuit Short To Ground,Various Components,Body
B1288,Servo Motor Potentiometer Airintake Right Circuit Failure,Various Components,Body
B1289,Servo Motor Potentiometer Airintake Right Circuit Open,Various Components,Body
B1290,Servo Motor Potentiometer Airintake Right Circuit Short To Battery,Various Components,Body
B1291,Servo Motor Potentiometer Airintake Right Circuit Short To Ground,Various Components,Body
B1292,Battery Power Relay Circuit Failure,Various Components,Body
B1293,Battery Power Relay Circuit Open,Various Components,Body
B1294,Battery Power Relay Circuit Short To Battery,Various Components,Body
B1295,Battery Power Relay Circuit Short To Ground,Various Components,Body
B1296,Power Supply Sensor Circuit Failure,Various Components,Body
B1297,Power Supply Sensor Circuit Open,Various Components,Body
B1298,Power Supply Sensor Circuit Short To Battery,Various Components,Body
B1299,Power Supply Sensor Circuit Short To Ground,Various Components,Body
B1300,Power Door Lock Circuit Failure,Various Components,Body
B1301,Power Door Lock Circuit Open,Various Components,Body
B1302,Accessory Delay Relay Coil Circuit Failure,Various Components,Body
B1303,Accessory Delay Relay Coil Circuit Open,Various Components,Body
B1304,Accessory Delay Relay Coil Circuit Short To Battery,Various Components,Body
B1305,Accessory Delay Relay Coil Circuit Short To Ground,Various Components,Body
B1306,Oil Level Switch Circuit Open,Various Components,Body
B1307,Oil Level Switch Circuit Short To Battery,Various Components,Body
B1308,Oil Level Switch Circuit Short To Ground,Various Components,Body
B1309,Power Door Lock Circuit Short To Ground,Various Components,Body
B1310,Power Door Unlock Circuit Failure,Various Components,Body
B1311,Power Door Unlock Circuit Open,Various Components,Body
B1312,Lamp Headlamp Input Circuit Short To Battery,Various Components,Body
B1313,Battery Saver Relay Coil Circuit Failure,Various Components,Body
B1314,Battery Saver Relay Coil Circuit Open,Various Components,Body
B1315,Battery Saver Relay Coil Circuit Short To Battery,Various Components,Body
B1316,Battery Saver Relay Coil Circuit Short To Ground,Various Components,Body
B1317,Battery Voltage High,Various Components,Body
B1318,Battery Voltage Low,Various Components,Body
B1319,Driver Door Ajar Circuit Failure,Various Components,Body
B1320,Driver Door Ajar Circuit Open,Various Components,Body
B1321,Driver Door Ajar Circuit Short To Battery,Various Components,Body
B1322,Driver Door Ajar Circuit Short To Ground,Various Components,Body
B1323,Door Ajar Lamp Circuit Failure,Various Components,Body
B1324,Door Ajar Lamp Circuit Open,Various Components,Body
B1325,Door Ajar Lamp Circuit Short To Battery,Various Components,Body
B1326,Door Ajar Lamp Circuit Short To Ground,Various Components,Body
B1327,Passenger Door Ajar Circuit Failure,Various Components,Body
B1328,Passenger Door Ajar Circuit Open,Various Components,Body
B1329,Passenger Door Ajar Circuit Short To Battery,Various Components,Body
B1330,Passenger Door Ajar Circuit Short To Ground,Various Components,Body
B1331,Decklid Ajar Rear Door Circuit Failure,Various Components,Body
B1332,Decklid Ajar Rear Door Circuit Open,Various Components,Body
B1333,Decklid Ajar Rear Door Circuit Short To Battery,Various Components,Body
B1334,Decklid Ajar Rear Door Circuit Short To Ground,Various Components,Body
B1335,Door Ajar RR Circuit Failure,Various Components,Body
B1336,Door Ajar RR Circuit Open,Various Components,Body
B1337,Door Ajar RR Circuit Short To Battery,Various Components,Body
B1338,Door Ajar RR Circuit Short To Ground,Various Components,Body
B1339,Chime Input Request Circuit Short To Battery,Various Components,Body
B1340,Chime Input Request Circuit Short To Ground,Various Components,Body
B1341,Power Door Unlock Circuit Short To Ground,Various Components,Body
B1342,ECU Is Defective,Various Components,Body
B1343,Heated Backlite Input Circuit Failure,Various Components,Body
B1344,Heated Backlite Input Circuit Open,Various Components,Body
B1345,Heated Backlite Input Circuit Short To Ground,Various Components,Body
B1346,Heated Backlite Input Circuit Short To Battery,Various Components,Body
B1347,Heated Backlite Relay Circuit Failure,Various Components,Body
B1348,Heated Backlite Relay Circuit Open,Various Components,Body
B1349,Heated Backlite Relay Short To Battery,Various Components,Body
B1350,Heated Backlite Relay Short To Ground,Various Components,Body
B1351,Ignition Key-In Circuit Short To Battery,Various Components,Body
B1352,Ignition Key-In Circuit Failure,Various Components,Body
B1353,Ignition Key-In Circuit Open,Various Components,Body
B1354,Ignition Key-In Circuit Short To Ground,Various Components,Body
B1355,Ignition Run Circuit Failure,Various Components,Body
B1356,Ignition Run Circuit Open,Various Components,Body
B1357,Ignition Run Circuit Short To Battery,Various Components,Body
B1358,Ignition Run Circuit Short To Ground,Various Components,Body
B1359,Ignition Run/Acc Circuit Failure,Various Components,Body
B1360,Ignition Run/Acc Circuit Open,Various Components,Body
B1361,Ignition Run/Acc Circuit Short To Battery,Various Components,Body
B1362,Ignition Run/Acc Circuit Short To Ground,Various Components,Body
B1363,Ignition Start Circuit Failure,Various Components,Body
B1364,Ignition Start Circuit Open,Various Components,Body
B1365,Ignition Start Circuit Short To Battery,Various Components,Body
B1366,Ignition Start Circuit Short To Ground,Various Components,Body
B1367,Ignition Tach Circuit Failure,Various Components,Body
B1368,Ignition Tach Circuit Open,Various Components,Body
B1369,Ignition Tach Circuit Short To Battery,Various Components,Body
B1370,Ignition Tach Circuit Short To Ground,Various Components,Body
B1371,Illuminated Entry Relay Circuit Failure,Various Components,Body
B1372,Illuminated Entry Relay Circuit Open,Various Components,Body
B1373,Illuminated Entry Relay Short To Battery,Various Components,Body
B1374,Illuminated Entry Relay Short To Ground,Various Components,Body
B1375,Oil Change Lamp Circuit Open,Various Components,Body
B1376,Oil Change Lamp Circuit Short To Battery,Various Components,Body
B1377,Oil Change Lamp Circuit Failure,Various Components,Body
B1378,Oil Change Lamp Circuit Short To Ground,Various Components,Body
B1379,Oil Change Reset Button Circuit Short To Ground,Various Components,Body
B1380,Oil Change Reset Button Circuit Failure,Various Components,Body
B1381,Oil Change Reset Button Circuit Open,Various Components,Body
B1382,Oil Change Reset Button Circuit Short To Battery,Various Components,Body
B1383,Oil Level Lamp Circuit Short To Battery,Various Components,Body
B1384,Oil Level Lamp Circuit Failure,Various Components,Body
B1385,Oil Level Lamp Circuit Open,Various Components,Body
B1386,Oil Level Lamp Circuit Short To Ground,Various Components,Body
B1387,Oil Temperature Sensor Circuit Open,Various Components,Body
B1388,Oil Temperature Sensor Circuit Short To Battery,Various Components,Body
B1389,Oil Temperature Sensor Circuit Failure,Various Components,Body
B1390,Oil Temperature Sensor Circuit Short To Ground,Various Components,Body
B1391,Oil Level Switch Circuit Failure,Various Components,Body
B1392,Power Door Memory Lock Relay Circuit Failure,Various Components,Body
B1393,Power Door Memory Lock Relay Circuit Open,Various Components,Body
B1394,Power Door Memory Lock Relay Circuit Short To Battery,Various Components,Body
B1395,Power Door Memory Lock Relay Circuit Short To Ground,Various Components,Body
B1396,Power Door Lock Circuit Short To Battery,Various Components,Body
B1397,Power Door Unlock Circuit Short To Battery,Various Components,Body
B1398,Driver Power Window One Touch Window Relay Circuit Failure,Various Components,Body
B1399,Driver Power Window One Touch Window Relay Circuit Open,Various Components,Body
B1400,Driver Power Window One Touch Window Relay Circuit Short To Battery,Various Components,Body
B1401,Driver Power Window One Touch Window Relay Circuit Short To Ground,Various Components,Body
B1402,Driver Power Window Down Switch Circuit Failure,Various Components,Body
B1403,Driver Power Window Up Switch Circuit Failure,Various Components,Body
B1404,Driver Power Window Down Circuit Open,Various Components,Body
B1405,Driver Power Window Down Circuit Short To Battery,Various Components,Body
B1406,Driver Power Window Down Circuit Short To Ground,Various Components,Body
B1407,Driver Power Window Up Circuit Open,Various Components,Body
B1408,Driver Power Window Up Circuit Short To Battery,Various Components,Body
B1409,Driver Power Window Up Circuit Short To Ground,Various Components,Body
B1410,Driver Power Window Motor Circuit Failure,Various Components,Body
B1411,Driver Power Window Motor Circuit Open,Various Components,Body
B1412,Driver Power Window Motor Circuit Short To Battery,Various Components,Body
B1413,Driver Power Window Motor Circuit Short To Ground,Various Components,Body
B1414,Power Window LR Motor Circuit Failure,Various Components,Body
B1415,Power Window LR Motor Circuit Open,Various Components,Body
B1416,Power Window LR Motor Circuit Short To Battery,Various Components,Body
B1417,Power Window LR Motor Circuit Short To Ground,Various Components,Body
B1418,Passenger Power Window Motor Circuit Failure,Various Components,Body
B1419,Passenger Power Window Motor Circuit Open,Various Components,Body
B1420,Passenger Power Window Motor Circuit Short To Battery,Various Components,Body
B1421,Passenger Power Window Motor Circuit Short To Ground,Various Components,Body
B1422,Power Window RR Motor Circuit Failure,Various Components,Body
B1423,Power Window RR Motor Circuit Open,Various Components,Body
B1424,Power Window RR Motor Circuit Short To Battery,Various Components,Body
B1425,Power Window RR Motor Circuit Short To Ground,Various Components,Body
B1426,Lamp Seat Belt Circuit Short To Battery,Various Components,Body
B1427,Lamp Seat Belt Circuit Open,Various Components,Body
B1428,Lamp Seat Belt Circuit Failure,Various Components,Body
B1429,Lamp Seat Belt Circuit Short To Ground,Various Components,Body
B1430,Seat Belt Switch Circuit Short To Ground,Various Components,Body
B1431,Wiper Brake/Run Relay Circuit Failure,Various Components,Body
B1432,Wiper Brake/Run Relay Circuit Short To Battery,Various Components,Body
B1433,Wiper Brake/Run Relay Circuit Short To Ground,Various Components,Body
B1434,Wiper Hi/Low Speed Relay Coil Circuit Failure,Various Components,Body
B1435,Wiper Hi/Low Speed Relay Coil Circuit Open,Various Components,Body
B1436,Wiper Hi/Low Speed Relay Coil Circuit Short To Battery,Various Components,Body
B1437,Wiper Hi/Low Speed Relay Coil Circuit Short To Ground,Various Components,Body
B1438,Wiper Mode Select Switch Circuit Failure,Various Components,Body
B1439,Wiper Mode Select Switch Circuit Open,Various Components,Body
B1440,Wiper Mode Select Switch Circuit Short To Battery,Various Components,Body
B1441,Wiper Mode Select Switch Circuit Short To Ground,Various Components,Body
B1442,Door Handle Switch Circuit Failure,Various Components,Body
B1443,Door Handle Switch Circuit Open,Various Components,Body
B1444,Door Handle Switch Circuit Short To Battery,Various Components,Body
B1445,Door Handle Switch Circuit Short To Ground,Various Components,Body
B1446,Wiper Park Sense Circuit Failure,Various Components,Body
B1447,Wiper Park Sense Circuit Open,Various Components,Body
B1448,Wiper Park Sense Circuit Short To Battery,Various Components,Body
B1449,Wiper Park Sense Circuit Short To Ground,Various Components,Body
B1450,Wiper Wash/Delay Switch Circuit Failure,Various Components,Body
B1451,Wiper Wash/Delay Switch Circuit Open,Various Components,Body
B1452,Wiper Wash/Delay Switch Circuit Short To Battery,Various Components,Body
B1453,Wiper Wash/Delay Switch Circuit Short To Ground,Various Components,Body
B1454,Wiper Washer Fluid Lamp Circuit Failure,Various Components,Body
B1455,Wiper Washer Fluid Lamp Circuit Open,Various Components,Body
B1456,Wiper Washer Fluid Lamp Circuit Short To Battery,Various Components,Body
B1457,Wiper Washer Fluid Lamp Circuit Short To Ground,Various Components,Body
B1458,Wiper Washer Pump Motor Relay Circuit Failure,Various Components,Body
B1459,Wiper Washer Pump Motor Relay Coil Circuit Open,Various Components,Body
B1460,Wiper Washer Pump Motor Relay Coil Circuit Short To Battery,Various Components,Body
B1461,Wiper Washer Pump Motor Relay Coil Circuit Short To Ground,Various Components,Body
B1462,Seat Belt Switch Circuit Failure,Various Components,Body
B1463,Seat Belt Switch Circuit Open,Various Components,Body
B1464,Seat Belt Switch Circuit Short To Battery,Various Components,Body
B1465,Wiper Brake/Run Relay Circuit Open,Various Components,Body
B1466,Wiper Hi/Low Speed Not Switching,Various Components,Body
B1467,Wiper Hi/Low Speed Circuit Motor Short To Battery,Various Components,Body
B1468,Chime Input Request Circuit Failure,Various Components,Body
B1469,Chime Input Request Circuit Open,Various Components,Body
B1470,Lamp Headlamp Input Circuit Failure,Various Components,Body
B1471,Lamp Headlamp Input Circuit Open,Various Components,Body
B1472,Lamp Headlamp Input Circuit Short To Ground,Various Components,Body
B1473,Wiper Low Speed Circuit Motor Failure,Various Components,Body
B1474,Battery Saver Power Relay Circuit Short To Battery,Various Components,Body
B1475,Accessory Delay Relay Contact Short To Battery,Various Components,Body
B1476,Wiper High Speed Circuit Motor Failure,Various Components,Body
B1477,Wiper Hi/Low Circuit Motor Short To Ground,Various Components,Body
B1478,Power Window One Touch Up/Down Activated Simultaneously,Various Components,Body
B1479,Wiper Washer Fluid Level Sensor Circuit Failure,Various Components,Body
B1480,Wiper Washer Fluid Level Sensor Circuit Open,Various Components,Body
B1481,Wiper Washer Fluid Level Sensor Circuit Short To Battery,Various Components,Body
B1482,Wiper Washer Fluid Level Sensor Circuit Short To Ground,Various Components,Body
B1483,Brake Pedal Input Circuit Failure,Various Components,Body
B1484,Brake Pedal Input Open Circuit,Various Components,Body
B1485,Brake Pedal Input Circuit Battery Short,Various Components,Body
B1486,Brake Pedal Input Circuit Ground Short,Various Components,Body
B1487,Door Handle Right Front Circuit Failure,Various Components,Body
B1488,Door Handle Right Front Circuit Open,Various Components,Body
B1489,Door Handle Right Front Short To Battery,Various Components,Body
B1490,Door Handle Right Front Short To Ground,Various Components,Body
B1491,Ignition Cylinder Sensor Circuit Failure,Various Components,Body
B1492,Ignition Cylinder Sensor Open Circuit,Various Components,Body
B1493,Ignition Cylinder Sensor Battery Short,Various Components,Body
B1494,Ignition Cylinder Sensor Ground Short,Various Components,Body
B1495,Decklid Punch-Out Sensor Circuit Failure,Various Components,Body
B1496,Decklid Punch-Out Sensor Open Circuit,Various Components,Body
B1497,Decklid Punch-Out Sensor Battery Short,Various Components,Body
B1498,Decklid Punch-Out Sensor Ground Short,Various Components,Body
B1499,Lamp Turn Signal Left Circuit Failure,Various Components,Body
B1500,Lamp Turn Signal Left Circuit Open,Various Components,Body
B1501,Lamp Turn Signal Left Circuit Short To Battery,Various Components,Body
B1502,Lamp Turn Signal Left Circuit Short To Ground,Various Components,Body
B1503,Lamp Turn Signal Right Circuit Failure,Various Components,Body
B1504,Lamp Turn Signal Right Circuit Open,Various Components,Body
B1505,Lamp Turn Signal Right Circuit Short To Battery,Various Components,Body
B1506,Lamp Turn Signal Right Circuit Short To Ground,Various Components,Body
B1507,Flash To Pass Switch Circuit Failure,Various Components,Body
B1508,Flash To Pass Switch Circuit Open,Various Components,Body
B1509,Flash To Pass Switch Circuit Short To Battery,Various Components,Body
B1510,Flash To Pass Switch Circuit Short To Ground,Various Components,Body
B1511,Driver Door Handle  Circuit Failure,Various Components,Body
B1512,Driver Door Handle  Circuit Open,Various Components,Body
B1513,Driver Door Handle  Circuit Short To Battery,Various Components,Body
B1514,Driver Door Handle  Circuit Short To Ground,Various Components,Body
B1515,Seat Driver Occupied Switch Circuit Failure,Various Components,Body
B1516,Seat Driver Occupied Switch Circuit Open,Various Components,Body
B1517,Seat Driver Occupied Switch Circuit Short To Battery,Various Components,Body
B1518,Seat Driver Occupied Switch Circuit Short To Ground,Various Components,Body
B1519,Hood Switch Circuit Failure,Various Components,Body
B1520,Hood Switch Circuit Open,Various Components,Body
B1521,Hood Switch Circuit Short To Battery,Various Components,Body
B1522,Hood Switch Circuit Short To Ground,Various Components,Body
B1523,Keyless Entry Circuit Failure,Various Components,Body
B1524,Keyless Entry Circuit Open,Various Components,Body
B1525,Keyless Entry Circuit Short To Battery,Various Components,Body
B1526,Keyless Entry Circuit Short To Ground,Various Components,Body
B1527,Memory Set Switch Circuit Failure,Various Components,Body
B1528,Memory Set Switch Circuit Open,Various Components,Body
B1529,Memory Set Switch Circuit Short To Battery,Various Components,Body
B1530,Memory Set Switch Circuit Short To Ground,Various Components,Body
B1531,Memory 1 Switch Circuit Failure,Various Components,Body
B1532,Memory 1 Switch Circuit Open,Various Components,Body
B1533,Memory 1 Switch Circuit Short To Battery,Various Components,Body
B1534,Memory 1 Switch Circuit Short To Ground,Various Components,Body
B1535,Memory 2 Switch Circuit Failure,Various Components,Body
B1536,Memory 2 Switch Circuit Open,Various Components,Body
B1537,Memory 2 Switch Circuit Short To Battery,Various Components,Body
B1538,Memory 2 Switch Circuit Short To Ground,Various Components,Body
B1539,Mirror Driver Switch Assembly Circuit Failure,Various Components,Body
B1540,Mirror Driver Switch Assembly Circuit Open,Various Components,Body
B1541,Mirror Driver Switch Assembly Circuit Short To Battery,Various Components,Body
B1542,Mirror Driver Switch Assembly Circuit Short To Ground,Various Components,Body
B1543,Seat Direction Switch Assembly Circuit Failure,Various Components,Body
B1544,Seat Direction Switch Assembly Circuit Open,Various Components,Body
B1545,Seat Direction Switch Assembly Circuit Short To Battery,Various Components,Body
B1546,Seat Direction Switch Assembly Circuit Short To Ground,Various Components,Body
B1547,Power Window Master Circuit Failure,Various Components,Body
B1548,Power Window Master Circuit Open,Various Components,Body
B1549,Power Window Master Circuit Short To Battery,Various Components,Body
B1550,Power Window Master Circuit Short To Ground,Various Components,Body
B1551,Decklid Release Circuit Failure,Various Components,Body
B1552,Decklid Release Circuit Open,Various Components,Body
B1553,Decklid Release Circuit Short To Battery,Various Components,Body
B1554,Decklid Release Circuit Short To Ground,Various Components,Body
B1555,Ignition Run/Start Circuit Failure,Various Components,Body
B1556,Ignition Run/Start Circuit Open,Various Components,Body
B1557,Ignition Run/Start Circuit Short To Battery,Various Components,Body
B1558,Ignition Run/Start Circuit Short To Ground,Various Components,Body
B1559,Door Lock Cylinder Circuit Failure,Various Components,Body
B1560,Door Lock Cylinder Circuit Open,Various Components,Body
B1561,Door Lock Cylinder Circuit Short To Battery,Various Components,Body
B1562,Door Lock Cylinder Circuit Short To Ground,Various Components,Body
B1563,Door Ajar Circuit Failure,Various Components,Body
B1564,Door Ajar Circuit Open,Various Components,Body
B1565,Door Ajar Circuit Short To Battery,Various Components,Body
B1566,Door Ajar Circuit Short To Ground,Various Components,Body
B1567,Lamp Headlamp High-Beam Circuit Failure,Various Components,Body
B1568,Lamp Headlamp High-Beam Circuit Open,Various Components,Body
B1569,Lamp Headlamp High-Beam Circuit Short To Battery,Various Components,Body
B1570,Lamp Headlamp High-Beam Circuit Short To Ground,Various Components,Body
B1571,Door Ajar LR Circuit Failure,Various Components,Body
B1572,Door Ajar LR Circuit Open,Various Components,Body
B1573,Door Ajar LR Circuit  Short To Battery,Various Components,Body
B1574,Door Ajar LR Circuit Short To Ground,Various Components,Body
B1575,Lamp Park Input Circuit Failure,Various Components,Body
B1576,Lamp Park Input Circuit Open,Various Components,Body
B1577,Lamp Park Input Circuit Short To Battery,Various Components,Body
B1578,Lamp Park Input Circuit Short To Ground,Various Components,Body
B1579,Dim Panel Increase Input Circuit Failure,Various Components,Body
B1580,Dim Panel Increase Input Circuit Open,Various Components,Body
B1581,Dim Panel Increase Input Circuit Short To Battery,Various Components,Body
B1582,Dim Panel Increase Input Circuit Short To Ground,Various Components,Body
B1583,Dim Panel Decrease Input Circuit Failure,Various Components,Body
B1584,Dim Panel Decrease Input Circuit Open,Various Components,Body
B1585,Dim Panel Decrease Input Circuit Short To Battery,Various Components,Body
B1586,Dim Panel Decrease Input Circuit Short To Ground,Various Components,Body
B1587,Autolamp Delay Increase Circuit Failure,Various Components,Body
B1588,Autolamp Delay Increase Circuit Open,Various Components,Body
B1589,Autolamp Delay Increase Circuit Short To Battery,Various Components,Body
B1590,Autolamp Delay Increase Circuit Short To Ground,Various Components,Body
B1591,Autolamp Delay Decrease Circuit Failure,Various Components,Body
B1592,Autolamp Delay Decrease Circuit Open,Various Components,Body
B1593,Autolamp Delay Decrease Circuit Short To Battery,Various Components,Body
B1594,Autolamp Delay Decrease Circuit Short To Ground,Various Components,Body
B1595,Ignition Switch Illegal Input Code,Various Components,Body
B1596,Service Continuous Codes,Various Components,Body
B1600,PATS Ignition Key Transponder Signal Is Not Received,Various Components,Body
B1601,PATS Received Incorrect Key-Code From Ignition Key Transponder,Various Components,Body
B1602,PATS Received Invalid Format Of Key-Code From Ignition Key Transponder,Various Components,Body
B1603,Lamp Anti-Theft Indicator Circuit Failure,Various Components,Body
B1604,Lamp Anti-Theft Indicator Circuit Open,Various Components,Body
B1605,Lamp Anti-Theft Indicator Circuit Short To Battery,Various Components,Body
B1606,Lamp Anti-Theft Indicator Circuit Short To Ground,Various Components,Body
B1607,Illuminated Entry Input Circuit Failure,Various Components,Body
B1608,Illuminated Entry Input Open Circuit,Various Components,Body
B1609,Illuminated Entry Input Short Circuit To Battery,Various Components,Body
B1610,Illuminated Entry Input Short Circuit To Ground,Various Components,Body
B1611,Wiper Rear Mode Select Switch Circuit Failure,Various Components,Body
B1612,Wiper Rear Mode Select Switch Circuit Open,Various Components,Body
B1613,Wiper Rear Mode Select Switch Circuit Short To Battery,Various Components,Body
B1614,Wiper Rear Mode Select Switch Circuit Short To Ground,Various Components,Body
B1615,Wiper Rear Disable Switch Circuit Failure,Various Components,Body
B1616,Wiper Rear Disable Switch Circuit Open,Various Components,Body
B1617,Wiper Rear Disable Switch Circuit Short To Battery,Various Components,Body
B1618,Wiper Rear Disable Switch Circuit Short To Ground,Various Components,Body
B1619,Wiper Rear Low Limit Input Circuit Failure,Various Components,Body
B1620,Wiper Rear Low Limit Input Circuit Open,Various Components,Body
B1621,Wiper Rear Low Limit Input Circuit Short To Battery,Various Components,Body
B1622,Wiper Rear Low Limit Input Circuit Short To Ground,Various Components,Body
B1623,Lamp Keypad Output Circuit Failure,Various Components,Body
B1624,Lamp Keypad Output Open Circuit,Various Components,Body
B1625,Lamp Keypad Output Short Circuit To Battery,Various Components,Body
B1626,Lamp Keypad Output Short Circuit To Ground,Various Components,Body
B1627,PRNDL Reverse Input Circuit Failure,Various Components,Body
B1628,PRNDL Reverse Input Open Circuit,Various Components,Body
B1629,PRNDL Reverse Input Short To Battery,Various Components,Body
B1630,PRNDL Reverse Input Short Circuit To Ground,Various Components,Body
B1631,Mirror Driver Left Circuit Failure,Various Components,Body
B1632,Mirror Driver Left Circuit Open,Various Components,Body
B1633,Mirror Driver Left Circuit Short To Battery,Various Components,Body
B1634,Mirror Driver Left Circuit Short To Ground,Various Components,Body
B1635,Mirror Driver Right Circuit Failure,Various Components,Body
B1636,Mirror Driver Right Circuit Open,Various Components,Body
B1637,Mirror Driver Right Circuit Short To Battery,Various Components,Body
B1638,Mirror Driver Right Short To Ground,Various Components,Body
B1639,Mirror Passenger Left Circuit Failure,Various Components,Body
B1640,Mirror Passenger Left Circuit Open,Various Components,Body
B1641,Mirror Passenger Left Circuit Short To Battery,Various Components,Body
B1642,Mirror Passenger Left Circuit Short To Ground,Various Components,Body
B1643,Mirror Passenger Right Circuit Failure,Various Components,Body
B1644,Mirror Passenger Right Circuit Open,Various Components,Body
B1645,Mirror Passenger Right Circuit Short To Battery,Various Components,Body
B1646,Mirror Passenger Right Circuit Short To Ground,Various Components,Body
B1647,Seat Driver Recline Forward Circuit Failure,Various Components,Body
B1648,Seat Driver Recline Forward Circuit Open,Various Components,Body
B1649,Seat Driver Recline Forward Circuit Short To Battery,Various Components,Body
B1650,Seat Driver Recline Forward Circuit Short To Ground,Various Components,Body
B1651,Seat Driver Recline Backward Circuit Failure,Various Components,Body
B1652,Seat Driver Recline Backward Circuit Open,Various Components,Body
B1653,Seat Driver Recline Backward Circuit Short To Battery,Various Components,Body
B1654,Seat Driver Recline Backward Circuit Short To Ground,Various Components,Body
B1655,Seat Driver Rear Up  Circuit Failure,Various Components,Body
B1656,Seat Driver Rear Up Circuit Open,Various Components,Body
B1657,Seat Driver Rear Up Circuit Short To Battery,Various Components,Body
B1658,Seat Driver Rear Up Circuit Short To Ground,Various Components,Body
B1659,Seat Driver Front Up Circuit Failure,Various Components,Body
B1660,Seat Driver Front Up Circuit Open,Various Components,Body
B1661,Seat Driver Front Up Circuit Short To Battery,Various Components,Body
B1662,Seat Driver Front Up Circuit Short To Ground,Various Components,Body
B1663,Seat Driver Front Up/Down Motor Stalled,Various Components,Body
B1664,Seat Driver Rear Up/Down Motor Stalled,Various Components,Body
B1665,Seat Driver Forward/Backward Motor Stalled,Various Components,Body
B1666,Seat Driver Recline Motor Stalled,Various Components,Body
B1667,Mirror Driver Up/Down Motor Stalled,Various Components,Body
B1668,Mirror Driver Right/Left Motor Stalled,Various Components,Body
B1669,Mirror Passenger Up/Down Motor Stalled,Various Components,Body
B1670,Mirror Passenger Right/Left Motor Stalled,Various Components,Body
B1671,Battery Module Voltage Out Of Range,Various Components,Body
B1672,Seat Driver Occupied Input Circuit Failure,Various Components,Body
B1673,Seat Driver Occupied Input Circuit Open,Various Components,Body
B1674,Seat Driver Occupied Input Circuit Short To Battery,Various Components,Body
B1675,Seat Driver Occupied Input Circuit Short To Ground,Various Components,Body
B1676,Battery Pack Voltage Out Of Range,Various Components,Body
B1677,Alarm Panic Input Circuit Failure,Various Components,Body
B1678,Alarm Panic Input Circuit Open,Various Components,Body
B1679,Alarm Panic Input Circuit Short To Battery,Various Components,Body
B1680,Alarm Panic Input Circuit Short To Ground,Various Components,Body
B1681,PATS Transceiver Module Signal Is Not Received,Various Components,Body
B1682,PATS Is Disabled (Check Link Between PATS And Transponder),Various Components,Body
B1683,Mirror Driver/Passenger Switch Circuit Failure,Various Components,Body
B1684,Mirror Driver/Passenger Switch Circuit Open,Various Components,Body
B1685,Lamp Dome Input Circuit Failure,Various Components,Body
B1686,Lamp Dome Input Circuit Open,Various Components,Body
B1687,Lamp Dome Input Circuit Short To Battery,Various Components,Body
B1688,Lamp Dome Input Circuit Short To Ground,Various Components,Body
B1689,Autolamp Delay Circuit Failure,Various Components,Body
B1690,Autolamp Delay Circuit Open,Various Components,Body
B1691,Autolamp Delay Circuit Short To Battery,Various Components,Body
B1692,Autolamp Delay Circuit Short To Ground,Various Components,Body
B1693,Autolamp On Circuit Failure,Various Components,Body
B1694,Autolamp On Circuit Open,Various Components,Body
B1695,Autolamp On Circuit Short To Battery,Various Components,Body
B1696,Autolamp On Circuit Short To Ground,Various Components,Body
B1697,Mirror Driver/Passenger Switch Circuit Short To Battery,Various Components,Body
B1698,Mirror Driver/Passenger Switch Circuit Short To Ground,Various Components,Body
B1701,Seat Driver Recline Forward Switch Circuit Failure,Various Components,Body
B1702,Seat Driver Recline Forward Switch Circuit Open,Various Components,Body
B1703,Seat Driver Recline Forward Switch Circuit Short To Battery,Various Components,Body
B1704,Seat Driver Recline Forward Switch Circuit Short To Ground,Various Components,Body
B1705,Seat Driver Recline Rearward Switch Circuit Failure,Various Components,Body
B1706,Seat Driver Recline Rearward Switch Circuit Open,Various Components,Body
B1707,Seat Driver Recline Rearward Switch Circuit Short To Battery,Various Components,Body
B1708,Seat Driver Recline Rearward Switch Circuit Short To Ground,Various Components,Body
B1709,Seat Driver Front Up Switch Circuit Failure,Various Components,Body
B1710,Seat Driver Front Up Switch Circuit Open,Various Components,Body
B1711,Seat Driver Front Up Switch Circuit Short To Battery,Various Components,Body
B1712,Seat Driver Front Up Switch Circuit Short To Ground,Various Components,Body
B1713,Seat Driver Front Down Switch Circuit Failure,Various Components,Body
B1714,Seat Driver Front Down Switch Circuit Open,Various Components,Body
B1715,Seat Driver Front Down Switch Circuit Short To Battery,Various Components,Body
B1716,Seat Driver Front Down Switch Circuit Short To Ground,Various Components,Body
B1717,Seat Driver Forward Switch Circuit Failure,Various Components,Body
B1718,Seat Driver Forward Switch Circuit Open,Various Components,Body
B1719,Seat Driver Forward Switch Circuit Short To Battery,Various Components,Body
B1720,Seat Driver Forward Switch Circuit Short To Ground,Various Components,Body
B1721,Seat Driver Rearward Switch Circuit Failure,Various Components,Body
B1722,Seat Driver Rearward Switch Circuit Open,Various Components,Body
B1723,Seat Driver Rearward Switch Circuit Short To Battery,Various Components,Body
B1724,Seat Driver Rearward Switch Circuit Short To Ground,Various Components,Body
B1725,Seat Driver Rear Up Switch Circuit Failure,Various Components,Body
B1726,Seat Driver Rear Up Switch Circuit Open,Various Components,Body
B1727,Seat Driver Rear Up Switch Circuit Short To Battery,Various Components,Body
B1728,Seat Driver Rear Up Switch Circuit Short To Ground,Various Components,Body
B1729,Seat Driver Rear Down Switch Circuit Failure,Various Components,Body
B1730,Seat Driver Rear Down Switch Circuit Open,Various Components,Body
B1731,Seat Driver Rear Down Switch Circuit Short To Battery,Various Components,Body
B1732,Seat Driver Rear Down Switch Circuit Short To Ground,Various Components,Body
B1733,Mirror Driver Vertical Switch Circuit Failure,Various Components,Body
B1734,Mirror Driver Vertical Switch Circuit Open,Various Components,Body
B1735,Mirror Driver Vertical Switch Circuit Short To Battery,Various Components,Body
B1736,Mirror Driver Vertical Switch Circuit Short To Ground,Various Components,Body
B1737,Mirror Driver Horizontal Switch Circuit Failure,Various Components,Body
B1738,Mirror Driver Horizontal Switch Circuit Open,Various Components,Body
B1739,Mirror Driver Horizontal Switch Circuit Short To Battery,Various Components,Body
B1740,Mirror Driver Horizontal Switch Circuit Short To Ground,Various Components,Body
B1741,Mirror Passenger Vertical Switch Circuit Failure,Various Components,Body
B1742,Mirror Passenger Vertical Switch Circuit Open,Various Components,Body
B1743,Mirror Passenger Vertical Switch Circuit Short To Battery,Various Components,Body
B1744,Mirror Passenger Vertical Switch Circuit Short To Ground,Various Components,Body
B1745,Mirror Passenger Horizontal Switch Circuit Failure,Various Components,Body
B1746,Mirror Passenger Horizontal Switch Circuit Open,Various Components,Body
B1747,Mirror Passenger Horizontal Switch Circuit Short To Battery,Various Components,Body
B1748,Mirror Passenger Horizontal Switch Circuit Short To Ground,Various Components,Body
B1749,Park/Neutral Switch Circuit Failure,Various Components,Body
B1750,Park/Neutral Switch Circuit Open,Various Components,Body
B1751,Park/Neutral Switch Circuit Short To Battery,Various Components,Body
B1752,Park/Neutral Switch Circuit Short To Ground,Various Components,Body
B1753,Hazard Flash Output Circuit Failure,Various Components,Body
B1754,Hazard Flash Output Circuit Open,Various Components,Body
B1755,Hazard Flash Output Circuit Short Battery,Various Components,Body
B1756,Hazard Flash Output Circuit Short To Ground,Various Components,Body
B1757,Seat Driver Rear Down  Circuit Failure,Various Components,Body
B1758,Seat Driver Rear Down Circuit Open,Various Components,Body
B1759,Seat Driver Rear Down Circuit Short To Battery,Various Components,Body
B1760,Seat Driver Rear Down Circuit Short To Ground,Various Components,Body
B1761,Seat Driver Front Down  Circuit Failure,Various Components,Body
B1762,Seat Driver Front Down Circuit Open,Various Components,Body
B1763,Seat Driver Front Down Circuit Short To Battery,Various Components,Body
B1764,Seat Driver Front Down Circuit Short To Ground,Various Components,Body
B1765,Seat Driver Forward Circuit Failure,Various Components,Body
B1766,Seat Driver Forward Circuit Open,Various Components,Body
B1767,Seat Driver Forward Circuit Short To Battery,Various Components,Body
B1768,Seat Driver Forward Circuit Short To Ground,Various Components,Body
B1769,Seat Driver Backward Circuit Failure,Various Components,Body
B1770,Seat Driver Backward Circuit Open,Various Components,Body
B1771,Seat Driver Backward Circuit Short To Battery,Various Components,Body
B1772,Seat Driver Backward Circuit Short To Ground,Various Components,Body
B1773,Mirror Driver Up Circuit Failure,Various Components,Body
B1774,Mirror Driver Up Circuit Open,Various Components,Body
B1775,Mirror Driver Up Circuit Short To Battery,Various Components,Body
B1776,Mirror Driver Up Circuit Short To Ground,Various Components,Body
B1778,Mirror Driver Down Circuit Failure,Various Components,Body
B1779,Mirror Driver Down Circuit Open,Various Components,Body
B1780,Mirror Driver Down Circuit Short To Battery,Various Components,Body
B1781,Mirror Driver Down Short To Ground,Various Components,Body
B1782,Mirror Passenger Up Circuit Failure,Various Components,Body
B1783,Mirror Passenger Up Circuit Open,Various Components,Body
B1784,Mirror Passenger Up Circuit Short To Battery,Various Components,Body
B1785,Mirror Passenger Up Circuit Short To Ground,Various Components,Body
B1786,Mirror Passenger Down Circuit Failure,Various Components,Body
B1787,Mirror Passenger Down Circuit Open,Various Components,Body
B1788,Mirror Passenger Down Circuit Short To Battery,Various Components,Body
B1789,Mirror Passenger Down Circuit Short To Ground,Various Components,Body
B1790,Autolamp Sensor Input Circuit Failure,Various Components,Body
B1791,Autolamp Sensor Input Circuit Open,Various Components,Body
B1792,Autolamp Sensor Input Circuit Short To Battery,Various Components,Body
B1793,Autolamp Sensor Input Circuit Short To Ground,Various Components,Body
B1794,Lamp Headlamp Low-Beam Circuit Failure,Various Components,Body
B1795,Lamp Headlamp Low-Beam Circuit Open,Various Components,Body
B1796,Lamp Headlamp Low-Beam Circuit Short To Battery,Various Components,Body
B1797,Lamp Headlamp Low-Beam Circuit Short To Ground,Various Components,Body
B1798,Lamp Turn Signal Front Output Circuit Failure,Various Components,Body
B1799,Lamp Turn Signal Front Output Circuit Open,Various Components,Body
B1800,Lamp Turn Signal Front Output Circuit Short To Battery,Various Components,Body
B1801,Lamp Turn Signal Front Output Circuit Short To Ground,Various Components,Body
B1802,Lamp Turn Signal Rear Output Circuit Failure,Various Components,Body
B1803,Lamp Turn Signal Rear Output Circuit Open,Various Components,Body
B1804,Lamp Turn Signal Rear Output Circuit Short To Battery,Various Components,Body
B1805,Lamp Turn Signal Rear Output Circuit Short To Ground,Various Components,Body
B1806,Lamp Tail Output Circuit Failure,Various Components,Body
B1807,Lamp Tail Output Circuit Open,Various Components,Body
B1808,Lamp Tail Output Circuit Short To Battery,Various Components,Body
B1809,Lamp Tail Output Circuit Short To Ground,Various Components,Body
B1810,Lamp Backup Switch Input Circuit Failure,Various Components,Body
B1811,Lamp Backup Switch Input Circuit Open,Various Components,Body
B1812,Lamp Backup Switch Input Circuit Short To Battery,Various Components,Body
B1813,Lamp Backup Switch Input Circuit Short To Ground,Various Components,Body
B1814,Wiper Rear Motor Down Relay Coil Circuit Failure,Various Components,Body
B1815,Wiper Rear Motor Down Relay Coil Circuit Open,Various Components,Body
B1816,Wiper Rear Motor Down Relay Coil Circuit Short To Battery,Various Components,Body
B1817,Wiper Rear Motor Down Relay Coil Circuit Short To Ground,Various Components,Body
B1818,Wiper Rear Motor Up Relay Coil Circuit Failure,Various Components,Body
B1819,Wiper Rear Motor Up Relay Coil Circuit Open,Various Components,Body
B1820,Wiper Rear Motor Up Relay Coil Circuit Short To Battery,Various Components,Body
B1821,Wiper Rear Motor Up Relay Coil Circuit Short To Ground,Various Components,Body
B1822,Wiper Rear Park Sense Input Circuit Failure,Various Components,Body
B1823,Wiper Rear Park Sense Input Circuit Open,Various Components,Body
B1824,Wiper Rear Park Sense Input Circuit Short To Battery,Various Components,Body
B1825,Wiper Rear Park Sense Input Circuit Short To Ground,Various Components,Body
B1826,Wiper Rear High Limit Input Circuit Failure,Various Components,Body
B1827,Wiper Rear High Limit Input Circuit Open,Various Components,Body
B1828,Wiper Rear High Limit Input Circuit Short To Battery,Various Components,Body
B1829,Wiper Rear High Limit Input Circuit Short To Ground,Various Components,Body
B1830,Door Unlock Disarm Switch Circuit Failure,Various Components,Body
B1831,Door Unlock Disarm Switch Circuit Open,Various Components,Body
B1832,Door Unlock Disarm Switch Circuit Short To Battery,Various Components,Body
B1833,Door Unlock Disarm Switch Circuit Short To Ground,Various Components,Body
B1834,Door Unlock Disarm Output Circuit Failure,Various Components,Body
B1835,Door Unlock Disarm Output Circuit Open,Various Components,Body
B1836,Door Unlock Disarm Output Circuit Short To Battery,Various Components,Body
B1837,Door Unlock Disarm Output Circuit Short To Ground,Various Components,Body
B1838,Battery Saver Power Relay Circuit Failure,Various Components,Body
B1839,Wiper Rear Motor Circuit Failure,Various Components,Body
B1840,Wiper Front Power Circuit Failure,Various Components,Body
B1841,Wiper Front Power Circuit Open,Various Components,Body
B1842,Wiper Front Power Circuit Short To Battery,Various Components,Body
B1843,Wiper Front Power Circuit Short To Ground,Various Components,Body
B1844,Phone Handset Circuit Failure,Various Components,Body
B1845,Ignition Tamper Circuit Failure,Various Components,Body
B1846,Ignition Tamper Circuit Open,Various Components,Body
B1847,Ignition Tamper Circuit Short To Battery,Various Components,Body
B1848,Ignition Tamper Circuit Short To Ground,Various Components,Body
B1849,Climate Control Temperature Differential Circuit Failure,Various Components,Body
B1850,Climate Control Temperature Differential Circuit Open,Various Components,Body
B1851,Climate Control Temperature Differential Circuit Short To Battery,Various Components,Body
B1852,Climate Control Temperature Differential Circuit Short To Ground,Various Components,Body
B1853,Climate Control Air Temperature Internal Sensor Motor Circuit Failure,Various Components,Body
B1854,Climate Control Air Temperature Internal Sensor Motor Circuit Open,Various Components,Body
B1855,Climate Control Air Temperature Internal Sensor Motor Circuit Short To Battery,Various Components,Body
B1856,Climate Control Air Temperature Internal Sensor Motor Circuit Short To Ground,Various Components,Body
B1857,Climate Control On/Off Switch Circuit Failure,Various Components,Body
B1858,Climate Control A/C Pressure Switch Circuit Failure,Various Components,Body
B1859,Climate Control A/C Pressure Switch Circuit Open,Various Components,Body
B1860,Climate Control A/C Pressure Switch Circuit Short To Battery,Various Components,Body
B1861,Climate Control A/C Pressure Switch Circuit Short To Ground,Various Components,Body
B1862,Climate Control A/C Lock Sensor Failure,Various Components,Body
B1863,Ground ECU Circuit Open,Various Components,Body
B1864,Battery Power Supply ECU Circuit Failure,Various Components,Body
B1865,Battery Power Supply ECU Circuit Open,Various Components,Body
B1866,Battery Power Supply ECU Circuit Short To Battery,Various Components,Body
B1867,Battery Power Supply ECU Circuit Short To Ground,Various Components,Body
B1868,Lamp Air Bag Warning Indicator Circuit Failure,Various Components,Body
B1869,Lamp Air Bag Warning Indicator Circuit Open,Various Components,Body
B1870,Lamp Air Bag Warning Indicator Circuit Short To Battery,Various Components,Body
B1871,Passenger Air Bag Disable Module Fault,Various Components,Body
B1872,Turn Signal / Hazard Power Feed Circuit Short To Battery,Various Components,Body
B1873,Turn Signal / Hazard Power Feed Circuit Short To Ground,Various Components,Body
B1874,Cellular Phone Handset Not Present,Various Components,Body
B1875,Turn Signal / Hazard Switch Signal Circuit Failure,Various Components,Body
B1876,Seatbelt Driver Pretensioner Circuit Failure,Various Components,Body
B1877,Seatbelt Driver Pretensioner Circuit Open,Various Components,Body
B1878,Seatbelt Driver Pretensioner Circuit Short to Battery,Various Components,Body
B1879,Seatbelt Driver Pretensioner Circuit Short to Ground,Various Components,Body
B1880,Seatbelt Passenger Pretensioner Circuit Failure,Various Components,Body
B1881,Seatbelt Passenger Pretensioner Circuit Open,Various Components,Body
B1882,Seatbelt Passenger Pretensioner Circuit Short to Battery,Various Components,Body
B1883,Seatbelt Passenger Pretensioner Circuit Short to Ground,Various Components,Body
B1884,PAD Warning Lamp Inoperative,Various Components,Body
B1885,Seatbelt Driver Pretensioner Circuit Resistance Low on Squib,Various Components,Body
B1886,Seatbelt Passenger Pretensioner Circuit Resistance Low on Squib,Various Components,Body
B1887,Air Bag Driver Circuit Resistance Low or Shorted Together,Various Components,Body
B1888,Air Bag Passenger Circuit Resistance Low or Shorted Together,Various Components,Body
B1889,Passenger Airbag Disable Module Sensor Obstructed,Various Components,Body
B1890,PAD Warning Lamp Circuit Short to Battery,Various Components,Body
B1891,Air Bag Tone Warning Indicator Circuit Short to Battery,Various Components,Body
B1892,Air Bag Tone Warning Indicator Circuit Failure,Various Components,Body
B1893,GPS Antenna Open Circuit,Various Components,Body
B1894,Wiper Rear Motor Speed Sense Circuit Failure,Various Components,Body
B1897,Horn Switch Circuit Failure,Various Components,Body
B1898,Chime Input #2 Circuit Short to Ground,Various Components,Body
B1899,Microphone Input Signal Circuit Open,Various Components,Body
B1900,Driver Side Airbag Fault,Various Components,Body
B1901,Air Bag Crash Sensor #1 Feed/Return Circuit Short To Ground,Various Components,Body
B1902,Air Bag Crash Sensor #1 Ground Circuit Failure,Various Components,Body
B1903,Air Bag Crash Sensor #1 Ground Circuit Short To Battery,Various Components,Body
B1904,Air Bag Crash Sensor #2 Feed/Return Circuit Failure,Various Components,Body
B1905,Air Bag Crash Sensor #2 Feed/Return Circuit Short To Battery,Various Components,Body
B1906,Air Bag Crash Sensor #2 Feed/Return Circuit Short To Ground,Various Components,Body
B1907,Air Bag Crash Sensor #2 Ground Circuit Failure,Various Components,Body
B1908,Air Bag Crash Sensor #2 Ground Circuit Short To Battery,Various Components,Body
B1909,Air Bag Crash Sensor #2 Ground Circuit Short To Ground,Various Components,Body
B1910,Air Bag Diagnostic Monitor Ground Circuit Failure,Various Components,Body
B1911,Air Bag Diagnostic Monitor Ground Circuit Short To Battery,Various Components,Body
B1912,Air Bag Diagnostic Monitor Ground Circuit Short To Ground,Various Components,Body
B1913,Air Bag Driver/Passenger Circuit Short To Ground,Various Components,Body
B1914,Air Bag Crash Sensors #1 / #2  Circuit Short To Ground,Various Components,Body
B1915,Air Bag Driver Circuit Failure,Various Components,Body
B1916,Air Bag Driver Circuit Short To Battery,Various Components,Body
B1917,Air Bag Memory Clear Circuit Failure,Various Components,Body
B1918,Air Bag Memory Clear Circuit Open,Various Components,Body
B1919,Air Bag Memory Clear Circuit Short To Battery,Various Components,Body
B1920,Air Bag Passenger Circuit Failure,Various Components,Body
B1921,Air Bag Diagnostic Monitor Ground Circuit Open,Various Components,Body
B1922,Air Bag Safing Sensor Output Circuit Short To Battery,Various Components,Body
B1923,Air Bag Memory Clear Circuit Short To Ground,Various Components,Body
B1924,Air Bag Internal Diagnostic Monitor Fault or System Disarm Fault,Various Components,Body
B1925,Air Bag Passenger Circuit Short To Battery,Various Components,Body
B1926,Air Bag Passenger Pressure Switch Circuit Failure,Various Components,Body
B1927,Passenger Side Airbag Fault,Various Components,Body
B1928,Air Bag Safing Sensor Output Circuit Failure,Various Components,Body
B1929,Air Bag Safing Sensor Output Circuit Open,Various Components,Body
B1930,Air Bag Safing Sensor Output Circuit Short To Ground,Various Components,Body
B1931,Air Bag Crash Sensor #1 Feed/Return Circuit Failure,Various Components,Body
B1932,Air Bag Driver Circuit Open,Various Components,Body
B1933,Air Bag Passenger Circuit Open,Various Components,Body
B1934,Air Bag Driver Inflator Circuit Resistance Low on Squib,Various Components,Body
B1935,Air Bag Passenger Inflator Circuit Resistance Low on Squib,Various Components,Body
B1936,Air Bag Driver Circuit Short To Ground,Various Components,Body
B1937,Air Bag Passenger Pressure Switch Circuit Open,Various Components,Body
B1938,Air Bag Passenger Circuit Short To Ground,Various Components,Body
B1939,Air Bag Passenger Pressure Switch Circuit Short To Ground,Various Components,Body
B1941,Air Bag Crash Sensor #1 Feed/Return Circuit Open,Various Components,Body
B1942,Air Bag Crash Sensor #2 Feed/Return Circuit Open,Various Components,Body
B1943,Air Bag Crash Sensor #1 Ground Circuit Short To Ground,Various Components,Body
B1944,Air Bag Crash Sensor #1 Ground Circuit Open,Various Components,Body
B1945,Air Bag Crash Sensor #2 Ground Circuit Open,Various Components,Body
B1946,Climate Control A/C Post Evaporator Sensor Circuit Failure,Various Components,Body
B1947,Climate Control A/C Post Evaporator Sensor Circuit Short To Ground,Various Components,Body
B1948,Climate Control Water Temperature Sensor Circuit Failure,Various Components,Body
B1949,Climate Control Water Temperature Sensor Circuit Short To Ground,Various Components,Body
B1950,Seat Rear Up/Down Potentiometer Feedback Circuit Failure,Various Components,Body
B1951,Seat Rear Up/Down Potentiometer Feedback Circuit Open,Various Components,Body
B1952,Seat Rear Up/Down Potentiometer Feedback Circuit Short To Battery,Various Components,Body
B1953,Seat Rear Up/Down Potentiometer Feedback Circuit Short To Ground,Various Components,Body
B1954,Seat Front Up/Down Potentiometer Feedback Circuit Failure,Various Components,Body
B1955,Seat Front Up/Down Potentiometer Feedback Circuit Open,Various Components,Body
B1956,Seat Front Up/Down Potentiometer Feedback Circuit Short To Battery,Various Components,Body
B1957,Seat Front Up/Down Potentiometer Feedback Circuit Short To Ground,Various Components,Body
B1958,Seat Recline Forward/Backward Potentiometer Feedback Circuit Failure,Various Components,Body
B1959,Seat Recline Forward/Backward Potentiometer Feedback Circuit Open,Various Components,Body
B1960,Seat Recline Forward/Backward Potentiometer Feedback Circuit Short To Battery,Various Components,Body
B1961,Seat Recline Forward/Backward Potentiometer Feedback Circuit Short To Ground,Various Components,Body
B1962,Seat Horizontal Forward/Rearward Potentiometer Feedback Circuit Failure,Various Components,Body
B1963,Seat Horizontal Forward/Rearward Potentiometer Feedback Circuit Open,Various Components,Body
B1964,Seat Horizontal Forward/Rearward Potentiometer Feedback Circuit Short To Battery,Various Components,Body
B1965,Seat Horizontal Forward/Rearward Potentiometer Feedback Circuit Short To Ground,Various Components,Body
B1966,A/C Post Heater Sensor Circuit Failure,Various Components,Body
B1967,A/C Post Heater Sensor Circuit Short To Ground,Various Components,Body
B1968,A/C Water Pump Detection Circuit Failure,Various Components,Body
B1969,A/C Clutch Magnetic Control Circuit Failure,Various Components,Body
B1970,Passenger Seatback Forward Switch Circuit Short to Ground,Various Components,Body
B1971,Passenger Seatback Rearward Switch Circuit Short to Ground,Various Components,Body
B1972,Passenger Rear Seat Up Switch Circuit Short to Battery,Various Components,Body
B1973,Passenger Rear Seat Down Switch Circuit Short to Battery,Various Components,Body
B1979,Passenger Seat Rearward Switch Circuit Short to Battery,Various Components,Body
B1980,Bulb - Outage Condition Detected,Various Components,Body
B1981,Memory Off Switch Circuit Short to Battery,Various Components,Body
B1984,Seat Switch Lumbar Inflate Circuit Failure,Various Components,Body
B1985,Seat Switch Lumbar Deflate Circuit Failure,Various Components,Body
B1987,Pedal Forward / Rearward Motor Stalled,Various Components,Body
B1988,Pedal Position Forward Switch Circuit Short to Battery,Various Components,Body
B1989,Pedal Position Rearward Switch Circuit Short to Battery,Various Components,Body
B1990,Pedal Forward / Rearward Potentiometer Feedback Circuit Failure,Various Components,Body
B1991,Pedal Forward / Rearward Potentiometer Feedback Circuit Short to Battery,Various Components,Body
B1992,Driver Side,Various Components,Body
B1993,Driver Side,Various Components,Body
B1994,Driver Side,Various Components,Body
B1995,Driver Side,Various Components,Body
B1996,Passenger Side,Various Components,Body
B1997,Passenger Side,Various Components,Body
B1998,Passenger Side,Various Components,Body
B1999,Passenger Side,Various Components,Body
B2100,Door Driver Key Cylinder Switch Failure,Various Components,Body
B2101,Head Rest Switch Circuit Failure,Various Components,Body
B2102,Antenna Circuit Short to Ground,Various Components,Body
B2103,Antenna Not Connected,Various Components,Body
B2104,Door Passenger Key Cylinder Switch Failure,Various Components,Body
B2105,Throttle Position Input Out of Range Low,Various Components,Body
B2106,Throttle Position Input Out of Range High,Various Components,Body
B2107,Front Wiper Motor Relay Circuit Short to Vbatt,Various Components,Body
B2108,Trunk Key Cylinder Switch Failure,Various Components,Body
B2109,Heated Wind Shield Relay Short to Vbatt (changed from Failure 2/6/97),Various Components,Body
B2110,Front Wiper Motor Relay Circuit Open (changed from Failure 2/6/97),Various Components,Body
B2111,All Door Lock Input Short to Ground,Various Components,Body
B2112,Door Driver Set Switch Stuck Failure,Various Components,Body
B2113,Heated Windshield Input Short to Ground,Various Components,Body
B2114,Front Washer Input Short to Ground,Various Components,Body
B2115,Rear Washer Input Short to Ground,Various Components,Body
B2116,Door Driver Reset Switch Stuck Failure,Various Components,Body
B2117,Driver Side,Various Components,Body
B2118,Passenger Side,Various Components,Body
B2119,Compressor Failure,Various Components,Body
B2120,Door Passenger Set Switch Stuck Failure,Various Components,Body
B2122,Driver Side Satellite Communication Circuit Short to Ground,Various Components,Body
B2123,Passenger Side Satellite Communication Circuit Short to Ground,Various Components,Body
B2124,Door Passenger Reset Switch Stuck Failure,Various Components,Body
B2128,Central Lock Motor Failure,Various Components,Body
B2129,Central Lock Feedback Failure,Various Components,Body
B2130,Double Lock Timeout Failure,Various Components,Body
B2131,Double Lock Feedback Failure,Various Components,Body
B2132,Dimmer switch Circuit Short to Gnd,Various Components,Body
B2133,Brake Motor Warning lamp Circuit Failure,Various Components,Body
B2134,Brake Motor Warning lamp Circuit Short to Vbatt,Various Components,Body
B2135,Park Brake Applied Warning Lamp Circuit Failure,Various Components,Body
B2136,Park Brake Applied Warning Lamp Circuit Short To Battery,Various Components,Body
B2139,Data Mismatch (receive data does not match what was expected),Various Components,Body
B2141,NVM Configuration Failure,Various Components,Body
B2142,NVM TIC Failure,Various Components,Body
B2143,NVM Memory Failure,Various Components,Body
B2144,NVM Alarm Data Failure,Various Components,Body
B2145,NVM RF HR Failure,Various Components,Body
B2146,Seat Recline Motor Position Out of Range,Various Components,Body
B2148,PWM Input Circuit Failure,Various Components,Body
B2149,Seat Front Vertical Motor Position Out of Range,Various Components,Body
B2150,Power Supply #1 Circuit Short to Ground,Various Components,Body
B2151,Power Supply #2 Circuit Short to Ground,Various Components,Body
B2152,Seat Rear Vertical Motor Position Out of Range,Various Components,Body
B2153,Rear Echo Sensor Circuit Failure,Various Components,Body
B2154,Front Echo Sensor Circuit Failure,Various Components,Body
B2155,Seat Horizontal Motor Position Out of Range,Various Components,Body
B2156,Rear Doppler Sensor Circuit Failure,Various Components,Body
B2157,Front Doppler Sensor Circuit Failure,Various Components,Body
B2158,Seat Recline Motor Memory Position Out of Range,Various Components,Body
B2159,Memory #1 output Short to Ground,Various Components,Body
B2160,Memory #1 output Short to VBatt,Various Components,Body
B2161,Seat Front Vertical Motor Memory Position Out of Range,Various Components,Body
B2162,Data Mismatch #2 (receive data does not match what was expected),Various Components,Body
B2163,Clutch Position Fault,Various Components,Body
B2164,Seat Rear Vertical Motor Memory Position Out of Range,Various Components,Body
B2165,Gear shift position Fault,Various Components,Body
B2166,Gear select position Fault,Various Components,Body
B2167,Seat Horizontal Motor Memory Position Out of Range,Various Components,Body
B2168,Unable to confirm Unlock Condition,Various Components,Body
B2169,Unable to confirm lock Condition,Various Components,Body
B2170,Steering Column Lock Switch Circuit Failure,Various Components,Body
B2172,Inertia Switch input Circuit Open,Various Components,Body
B2174,Window Driver Rear Remote Up Switch Short to Battery,Various Components,Body
B2175,A/C Request Signal Circuit Short to Ground,Various Components,Body
B2176,Overdrive switch circuit short to Vbatt,Various Components,Body
B2177,Interior Scanning Sensor Circuit Failure,Various Components,Body
B2178,Window Driver Rear Remote Down Switch Short to Battery,Various Components,Body
B2179,"Front Wiper Select Switch ""A"" Short to Ground",Various Components,Body
B2180,"Front Wiper Select Switch ""B"" Short to Ground",Various Components,Body
B2181,"Front Wiper Select Switch ""C"" Short to Ground",Various Components,Body
B2182,Window Passenger Front Remote Up Switch Short to Battery,Various Components,Body
B2183,"Front Wiper Select Switch ""H"" Short to Ground",Various Components,Body
B2184,"Front Wiper Select Switch ""W"" Short to Ground",Various Components,Body
B2185,"Rear Wiper Select Switch ""D"" Short to Ground",Various Components,Body
B2186,Window Passenger Front Remote Down Switch Short to Battery,Various Components,Body
B2187,"Rear Wiper Select Switch ""B"" Short to Ground",Various Components,Body
B2188,"Rear Wiper Select Switch ""E"" Short to Ground",Various Components,Body
B2190,Window Passenger Rear Remote Up Switch Short to Battery,Various Components,Body
B2194,Window Passenger Rear Remote Down Switch Short to Battery,Various Components,Body
B2195,Driver Window  Up / Down Power Circuit Short to Ground,Various Components,Body
B2196,Passenger Window Up / Down Power Circuit Short to Ground,Various Components,Body
B2197,TV Module Error,Various Components,Body
B2198,TrafficMaster Module Error,Various Components,Body
B2199,VICS Module Error,Various Components,Body
B2200,No Communication to TV Module (No Fitting of TV),Various Components,Body
B2201,No Communication With Traffic MasterModule,Various Components,Body
B2202,No Communication to VICS Module (No Fitting of VICS),Various Components,Body
B2203,CD-ROM Error,Various Components,Body
B2204,GPS Antenna Connection Open or Short,Various Components,Body
B2205,GPS Receiver Error,Various Components,Body
B2206,Gyroscope Error,Various Components,Body
B2207,ECU ROM Checksum Error,Various Components,Body
B2208,Communication Link to Display and Switch Module Error,Various Components,Body
B2209,Interior Lamp Override Switch Open Circuit,Various Components,Body
B2210,Interior Lamp Override Switch Short to Ground,Various Components,Body
B2211,Low Coolant Lamp Output Circuit Short to Battery,Various Components,Body
B2214,Window Passenger Front Up Switch Short to Battery,Various Components,Body
B2215,Window Passenger Front Down Switch Short to Battery,Various Components,Body
B2219,Window Driver Front Current Feedback Exceeded,Various Components,Body
B2220,Window Driver Rear Current Feedback Exceeded,Various Components,Body
B2221,Window Passenger Front Current Feedback Exceeded,Various Components,Body
B2222,Window Passenger Rear Current Feedback Exceeded,Various Components,Body
B2223,Mirror Driver Drive Circuit Failure,Various Components,Body
B2224,Mirror Passenger Drive Circuit Failure,Various Components,Body
B2225,Front Crash Sensor Mount Fault,Various Components,Body
B2226,Front Crash Sensor Internal Fault,Various Components,Body
B2227,Front Crash Sensor Driver Communications Fault,Various Components,Body
B2228,Air Bag Driver Circuit Short to Ground - Loop #2,Various Components,Body
B2229,Air Bag Passenger Circuit Short to Ground - Loop #2,Various Components,Body
B2230,Air Bag Driver Circuit Short to Battery - Loop #2,Various Components,Body
B2231,Air Bag Passenger Circuit Short to Battery - Loop #2,Various Components,Body
B2232,Air Bag Driver Circuit Open - Loop #2,Various Components,Body
B2233,Air Bag passenger Circuit Open - Loop #2,Various Components,Body
B2234,Air Bag Driver Inflator Circuit Resistance Low on Squib - Loop #2,Various Components,Body
B2235,Air Bag Passenger Inflator Circuit,Various Components,Body
B2236,Weak or Defected Electric Vehicle Battery Module Fault,Various Components,Body
B2237,Vehicle Signal indicating Park While VSS Present,Various Components,Body
B2238,Power Cable For Power Sliding Door Broken,Various Components,Body
B2239,Rear Cargo Door Set Switch Stuck (Short to Ground),Various Components,Body
B2240,Rear Cargo Door Reset Switch Stuck (Short to Ground),Various Components,Body
B2241,Rear Cargo Door Lock Circuit Short to Ground,Various Components,Body
B2242,Rear Cargo Door Unlock Circuit Open,Various Components,Body
B2243,Driver Rear Door Ajar Circuit Open,Various Components,Body
B2244,Driver Sliding Door Ajar Circuit Short to GND,Various Components,Body
B2245,Passenger Rear Door Ajar Circuit Open,Various Components,Body
B2246,Passenger Sliding Door Ajar Circuit Short to GND,Various Components,Body
B2247,EV Battery Pack Temperature Fault,Various Components,Body
B2248,Heated Windshield Relay Coil Circuit Failure,Various Components,Body
B2249,Head Lamp Relay Coil Short to Battery,Various Components,Body
B2250,All Doors Unlock Relay Circuit Failure,Various Components,Body
B2251,Parklamp Output Relay Driver Circuit Failure,Various Components,Body
B2252,Parklamp Output Relay Dirver Short to Battery,Various Components,Body
B2300,Seat Driver Memory Position Error,Various Components,Body
B2301,Seat Passenger Memory Position Error,Various Components,Body
B2302,Seat Headrest Feedback Potentiometer Circuit Failure,Various Components,Body
B2303,Seat Headrest Feedback Potentiometer Circuit Open,Various Components,Body
B2304,Seat Headrest Feedback Potentiometer Circuit Short to Battery,Various Components,Body
B2305,Seat Headrest Feedback Potentiometer Circuit Short to Ground,Various Components,Body
B2306,Seat Headrest Motor Stalled,Various Components,Body
B2310,Mirror Driver Memory Position Error,Various Components,Body
B2311,Mirror Passenger Memory Position Error,Various Components,Body
B2312,Mirror Passenger Horizontal Feedback Potentiometer Circuit Failure,Various Components,Body
B2313,Mirror Passenger Horizontal Feedback Potentiometer Circuit Open,Various Components,Body
B2314,Mirror Passenger Horizontal Feedback Potentiometer Circuit Short to Battery,Various Components,Body
B2315,Mirror Passenger Horizontal Feedback Potentiometer Circuit Short to Ground,Various Components,Body
B2316,Mirror Passenger Vertical Feedback Potentiometer Circuit Failure,Various Components,Body
B2317,Mirror Passenger Vertical Feedback Potentiometer Circuit Open,Various Components,Body
B2318,Mirror Passenger Vertical Feedback Potentiometer Circuit Short to Battery,Various Components,Body
B2319,Mirror Passenger Vertical Feedback Potentiometer Circuit Short to Ground,Various Components,Body
B2320,Mirror Driver Horizontal Feedback Potentiometer Circuit Failure,Various Components,Body
B2321,Mirror Driver Horizontal Feedback Potentiometer Circuit Open,Various Components,Body
B2322,Mirror Driver Horizontal Feedback Potentiometer Circuit Short to Battery,Various Components,Body
B2323,Mirror Driver Horizontal Feedback Potentiometer Circuit Short to Ground,Various Components,Body
B2324,Mirror Driver Vertical Feedback Potentiometer Circuit Failure,Various Components,Body
B2325,Mirror Driver Vertical Feedback Potentiometer Circuit Open,Various Components,Body
B2326,Mirror Driver Vertical Feedback Potentiometer Circuit Short to Battery,Various Components,Body
B2327,Mirror Driver Vertical Feedback Potentiometer Circuit Short to Ground,Various Components,Body
B2328,Column Reach Feedback Potentiometer Circuit Failure,Various Components,Body
B2329,Column Reach Feedback Potentiometer Circuit Open,Various Components,Body
B2330,Column Reach Feedback Potentiometer Circuit Short to Battery,Various Components,Body
B2331,Column Reach Feedback Potentiometer Circuit Short to Ground,Various Components,Body
B2332,Column Tilt Feedback Potentiometer Circuit Failure,Various Components,Body
B2333,Column Tilt Feedback Potentiometer Circuit Open,Various Components,Body
B2334,Column Tilt Feedback Potentiometer Circuit Short to Battery,Various Components,Body
B2335,Column Tilt Feedback Potentiometer Circuit Short to Ground,Various Components,Body
B2336,Mirror Switch Assembly Circuit Failure,Various Components,Body
B2337,Mirror Switch Assembly Circuit Open,Various Components,Body
B2338,Mirror Switch Assembly Circuit Short to Battery,Various Components,Body
B2339,Mirror Switch Assembly Circuit Short to Ground,Various Components,Body
B2340,Column Reach Motor Stalled,Various Components,Body
B2341,Column Tilt Motor Stalled,Various Components,Body
B2342,Seat Switch Reference Voltage Positive Common Open Circuit,Various Components,Body
B2343,Seat Switch Reference Voltage Positive Common Supply Low Voltage,Various Components,Body
B2344,Seat Switch Reference Voltage Positive Common Supply Voltage Fault,Various Components,Body
B2345,Seat Switch Reference Voltage Negative Common Open Circuit,Various Components,Body
B2346,Mirror Switch Reference Voltage Positive Common Open Circuit,Various Components,Body
B2347,Mirror Switch Reference Voltage Positive Common Supply Low Voltage,Various Components,Body
B2348,Mirror Switch Reference Voltage Positive Common Supply Voltage Fault,Various Components,Body
B2349,Mirror Switch Reference Voltage Negative Common Open Circuit,Various Components,Body
B2350,Steering Column Switch Circuit Short to Battery,Various Components,Body
B2351,Steering Column Switch Circuit Failure,Various Components,Body
B2352,Driver Memory Power Switch Indicator Circuit Short to Battery,Various Components,Body
B2353,Driver Mirror Power Driver Circuit Short Ground,Various Components,Body
B2354,Driver Mirror Horizontal / Vertical Feedback Potentiometer Circuit Open,Various Components,Body
B2355,Passenger Mirror Horizontal / Vertical Feedback Potentiometer Circuit Open,Various Components,Body
B2357,Driver Window Down Current Sense Low Circuit Failure,Various Components,Body
B2362,Remote Open/Close signal Circuit Short to Ground,Various Components,Body
B2363,Optical Sensor System Failure,Various Components,Body
B2364,Fuel Filler Door Circuit Open,Various Components,Body
B2365,B-pillar Power Sliding Door Open/Close Switch Input Ckt Short to Gnd,Various Components,Body
B2366,IP Power Sliding Door Open/Close switch Ckt Short to Gnd,Various Components,Body
B2367,Power Sliding Door Override Switch Input Ckt Short to Gnd,Various Components,Body
B2368,Steering Column Switch Circuit Out of Range,Various Components,Body
B2369,Chime OUTPUT Request Ckt Short to Ground,Various Components,Body
B2373,LED #1 Circuit Short to Battery,Various Components,Body
B2374,Power Sliding Detent (Latch) Circuit  Failure,Various Components,Body
B2380,Heater Coolant Temp sensor circuit Short to GND,Various Components,Body
B2381,Heater Coolant Temp sensor circuit Open,Various Components,Body
B2384,Audio Reverse Aid Mute Input Ckt Failure,Various Components,Body
B2385,Audio Navigation Mute Input Ckt  Failure,Various Components,Body
B2401,Audio Tape Deck Mechanism Fault,Various Components,Body
B2402,Audio CD/DJ Thermal Shutdown Fault,Various Components,Body
B2403,Audio CD/DJ Internal Fault,Various Components,Body
B2404,Audio Steering Wheel Switch Circuit Fault,Various Components,Body
B2405,Audio Single-Disc CD Player Thermal Shutdown Fault,Various Components,Body
B2406,Audio Single-Disc CD Player Internal Fault,Various Components,Body
B2416,Climate Control Recirculation Actuator Out of Limits,Various Components,Body
B2425,Remote Keyless Entry Out of Synchronization,Various Components,Body
B2426,Passenger Solar Radiation Sensor  Circuit Open,Various Components,Body
B2427,Passenger Solar Radiation Sensor  Circuit Short to Ground,Various Components,Body
B2428,A/C Post Heater Sensor #2 Circuit Failure,Various Components,Body
B2429,A/C Post Heater Sensor #2 Circuit Short to Ground,Various Components,Body
B2431,Transponder Programming Failed,Various Components,Body
B2432,Drivers Seat Belt Buckle Switch Circuit Open,Various Components,Body
B2433,Drivers Seat Belt Buckle Switch Circuit Short to Battery,Various Components,Body
B2434,Drivers Seat Belt Buckle Switch Circuit Short to Ground,Various Components,Body
B2435,Drivers Seat Belt Buckle Switch Resistance out of Range,Various Components,Body
B2436,Passengers Seat Belt Buckle Switch Circuit Open,Various Components,Body
B2437,Passengers Seat Belt Buckle Switch Circuit Short to Battery,Various Components,Body
B2438,Passengers Seat Belt Buckle Switch Circuit Short to Ground,Various Components,Body
B2439,Passengers Seat Belt Buckle Switch Resistance out of Range,Various Components,Body
B2440,Passenger Side,Various Components,Body
B2441,Driver Side,Various Components,Body
B2442,Intrusion Sensor Fault,Various Components,Body
B2443,Powertrain Performance Mode Switch Circuit failure,Various Components,Body
B2444,Driver Side Crash Sensor Internal Fault,Various Components,Body
B2445,Passenger Side Crash Sensor Internal Fault,Various Components,Body
B2446,RESCU/VEMS Input Circuit Open,Various Components,Body
B2447,RESCU/VEMS Input Circuit Short to Battery,Various Components,Body
B2448,RESCU/VEMS Input Circuit Short to Ground,Various Components,Body
B2449,Aux Heater Glow Plug Circuit Short to Ground,Various Components,Body
B2450,Aux Heater Glow Plug Circuit Open,Various Components,Body
B2451,Aux Heater Fuel Pump Circuit Short to Ground,Various Components,Body
B2452,Aux Heater Fuel Pump Circuit Open,Various Components,Body
B2453,Aux Heater Blower Fan Circuit Short to Ground,Various Components,Body
B2454,Aux Heater Blower Fan Circuit Open,Various Components,Body
B2455,Aux Heater Blower Faulted,Various Components,Body
B2456,Aux Heater Coolant Sensor Circuit Short to Ground,Various Components,Body
B2457,Aux Heater Coolant Sensor Circuit Open,Various Components,Body
B2458,Aux Heater Overheat Sensor Circuit Short to Ground,Various Components,Body
B2459,Aux Heater Overheat Sensor Circuit Open,Various Components,Body
B2460,Aux Heater Flame Sensor Circuit Short to Ground,Various Components,Body
B2461,Aux Heater Flame Sensor Circuit Open,Various Components,Body
B2462,Aux Heater Flame Out Fault,Various Components,Body
B2463,Aux Heater Overheat Fault,Various Components,Body
B2464,Aux Heater Start Time Exceeded,Various Components,Body
B2465,Aux Heater Start Counter Overrun/System Locked (same as below ?),Various Components,Body
B2466,Aux Heater Overheat Counter Overrun/System Locked,Various Components,Body
B2467,Aux Heater Cool Down Time Exceeded (may be con to a453-5 ),Various Components,Body
B2468,Aux Heater Coolant Pump Circuit Short to Ground,Various Components,Body
B2469,Aux Heater Coolant Pump Circuit Open,Various Components,Body
B2470,Interior Fan Control Circuit Short to Ground,Various Components,Body
B2471,Interior Fan Control Circuit Open,Various Components,Body
B2472,Fog Lamp Switch  Failure,Various Components,Body
B2473,Passenger Door Disarm Switch ckt Short to Ground,Various Components,Body
B2474,Passenger Door Lock Switch Circuit Shorted to Ground,Various Components,Body
B2475,Passenger Door Unlock Switch Circuit Shorted to Ground,Various Components,Body
B2476,RADIO PRESENT SWITCH Ckt Failure,Various Components,Body
B2477,Module Configuration Failure,Various Components,Body
B2478,ANTI THEFT INPUT SIGNAL SHORT TO GROUND,Various Components,Body
B2479,BRAKE PARK SWITCH CIRCUIT SHORT TO GROUND,Various Components,Body
B2480,LF CORNER LAMP OUTPUT Ckt Short to Battery,Various Components,Body
B2481,Convertible Top Up/Down switch Fault,Various Components,Body
B2482,RF CORNER LAMP OUTPUT Ckt Short to Battery,Various Components,Body
B2483,Enable Signal Open Circuit,Various Components,Body
B2484,Disable Signal Short to Ground,Various Components,Body
B2485,LF SIDE REPEATER LAMP OUTPUT Ckt Short to Battery,Various Components,Body
B2487,RF SIDE REPEATER LAMP OUTPUT Ckt Short to Battery,Various Components,Body
B2489,UNDERHOOD LAMP OUTPUT CIRCUIT Failure,Various Components,Body
B2490,UNDERHOOD LAMP OUTPUT CIRCUIT Short to Battery,Various Components,Body
B2491,RF PARK LAMP OUTPUT CIRCUIT Short to Battery,Various Components,Body
B2492,Already Programmed (Test Mode DTC Only !!!),Various Components,Body
B2493,LF PARK LAMP OUTPUT CIRCUIT Short to Battery,Various Components,Body
B2494,ANTI THEFT HORN OUTPUT CIRCUIT Short to Batt,Various Components,Body
B2495,ANTI THEFT HORN OUTPUT CIRCUIT Failure,Various Components,Body
B2496,ANTI THEFT HORN OUTPUT CIRCUIT Short to Gnd,Various Components,Body
B2499,COURTESY LAMP OUTPUT Failure,Various Components,Body
B2500,COURTESY LAMP OUTPUT Ckt Short to Battery,Various Components,Body
B2501,LF LAMP LOW BEAM CIRCUIT Failure,Various Components,Body
B2502,LF LAMP LOW BEAM CIRCUIT Short to Battery,Various Components,Body
B2503,RF LAMP LOW BEAM CIRCUIT Failure,Various Components,Body
B2504,RF LAMP LOW BEAM CIRCUIT Short to Battery,Various Components,Body
B2505,LF LAMP HIGH BEAM CIRCUIT Failure,Various Components,Body
B2506,LF LAMP HIGH BEAM CIRCUIT Short to Battery,Various Components,Body
B2507,RF LAMP HIGH BEAM CIRCUIT Failure,Various Components,Body
B2508,RF LAMP HIGH BEAM CIRCUIT Short to Battery,Various Components,Body
B2509,Rear Fog Lamp Switch Circuit Failure,Various Components,Body
B2510,Main Blower Motor Relay Circuit Short to Battery,Various Components,Body
B2511,Horn Output Relay Circuit Short to Battery,Various Components,Body
B2512,Front Fog Lamp Relay Ckt Short to Battery,Various Components,Body
B2513,Blower (Fan) Circuit Failure,Various Components,Body
B2514,Blower (Fan) Circuit Short to Vbatt,Various Components,Body
B2515,Heater Blower Relay Circuit Failure,Various Components,Body
B2516,Blower Control Circuit Failure,Various Components,Body
B2517,Emergency Power Off System Faulted,Various Components,Body
B2518,Compressor Overtemp Fault,Various Components,Body
B2519,High Mount Stop Lamp Circuit Failure,Various Components,Body
B2520,High Mount Stop Lamp Circuit Short to Battery,Various Components,Body
B2523,License Lamp Circuit Failure,Various Components,Body
B2524,License Lamp Circuit Short to Battery,Various Components,Body
B2525,Left Rear Backup Lamp Circuit Failure,Various Components,Body
B2526,Left Rear Backup Lamp Circuit Short to Battery,Various Components,Body
B2527,Left Rear Stop lamp Circuit Failure,Various Components,Body
B2528,Left Rear Stop lamp Circuit Short to Battery,Various Components,Body
B2529,Left Rear  Turn Lamp Circuit Failure,Various Components,Body
B2530,Left Rear  Turn Lamp Circuit Short to Battery,Various Components,Body
B2531,Right Rear Backup Lamp Circuit Failure,Various Components,Body
B2532,Right Rear Backup Lamp Circuit Short to Battery,Various Components,Body
B2533,Right Rear Stop lamp Circuit Failure,Various Components,Body
B2534,Right Rear Stop lamp Circuit Short to Battery,Various Components,Body
B2535,Right Rear  Turn Lamp Circuit Failure,Various Components,Body
B2536,Right Rear  Turn Lamp Circuit Short to Battery,Various Components,Body
B2539,Aux A/C Mode Position Reference Circuit Short to Ground,Various Components,Body
B2540,Aux A/C Mode Position Reference Circuit Short to Battery,Various Components,Body
B2543,Aux A/C Control Switch Reference Circuit Short to Ground,Various Components,Body
B2544,Aux A/C Control Switch Reference Circuit Short to Battery,Various Components,Body
B2545,System Power Relay Circuit Short to Battery,Various Components,Body
B2546,System Power Relay Circuit Failure,Various Components,Body
B2550,LAMP DOME OUTPUT Circuit Short to Ground,Various Components,Body
B2553,Disable Signal Output Circuit Short to Battery,Various Components,Body
B2554,LAMP DOME OUTPUT Circuit Failure,Various Components,Body
B2555,LAMP DOME OUTPUT Circuit Short to Battery,Various Components,Body
B2556,Enable Signal  Circuit Short to Battery,Various Components,Body
B2557,Left Power Sliding Door Open/Close Output Circuit Short to Battery,Various Components,Body
B2558,Right Power Sliding Door Open/Close Output Circuit Short to Battery,Various Components,Body
B2559,Aux A/C Blower Motor Relay Circuit Short to Battery,Various Components,Body
B2560,Aux A/C Blower Motor Relay Circuit Short to Ground,Various Components,Body
B2561,Aux A/C Blower Speed 1 Circuit Failure,Various Components,Body
B2562,Aux A/C Blower Speed 1 Circuit Short to Ground,Various Components,Body
B2563,Aux A/C Blower Speed 2 Circuit Failure,Various Components,Body
B2564,Aux A/C Blower Speed 2 Circuit Short to Ground,Various Components,Body
B2565,Right Tail Lamp Circuit Failure,Various Components,Body
B2566,Right Tail Lamp Circuit Short to Ground,Various Components,Body
B2567,Reverse Mirror Output Circuit Failure,Various Components,Body
B2568,Reverse Mirror Output Circuit Short to Ground,Various Components,Body
B2569,Liftgate Disarm Switch Circuit Short to Ground,Various Components,Body
B2570,Right Lamp Outage Signal Circuit Short to Ground,Various Components,Body
B2571,Left Lamp Outage Signal Circuit Short to Ground,Various Components,Body
B2580,Aux Blower Sense Switch Circuit Failure,Various Components,Body
B2581,Passenger Seat Occupant Detection Circuit Short To Ground,Various Components,Body
B2582,Passenger Seat Occupant Detection Circuit Open,Various Components,Body
B2583,Child Seat Detection Circuit Short to Ground,Various Components,Body
B2584,Child Seat Detection Circuit Open,Various Components,Body
B2585,Anti Theft Input Signal Circuit Short To Battery,Various Components,Body
B2586,Headlamp Mode Select Circuit Failure,Various Components,Body
B2587,Passenger Seat Occupant Detection Circuit Short To Battery,Various Components,Body
B2588,Child Seat Detection Circuit Short To Battery,Various Components,Body
B2589,Unexpected Door Reversal During Close,Various Components,Body
B2590,Vehicle Park/Speed Signal Circuit Failure,Various Components,Body
B2591,Detent Signal Missing During Unlatch,Various Components,Body
B2592,PSD Not Fully Closed (Module Commanded Successfully),Various Components,Body
B2593,Power Sliding Door Opened During Module Close Command,Various Components,Body
B2594,No Movement Detected After an Unlatch During Power Open,Various Components,Body
B2595,Anti Theft Input Signal Circuit Failure,Various Components,Body
B2596,Headlamp Aim Output Relay Circuit Short To Battery,Various Components,Body
B2597,Headlamp Aim Output Relay Circuit Failure,Various Components,Body
B2598,Headlamp Relay Circuit Failure,Various Components,Body
B2599,Tailgate Release Open Circuit,Various Components,Body
B2600,Double Locking Door Motor Frozen,Various Components,Body
B2601,No Latch Signal Sensed on Closing and Door Reversed,Various Components,Body
B2602,Missing Latch Signal During Power Sliding Door Unlatch,Various Components,Body
B2603,PSD Not Fully Closed During Self-Test,Various Components,Body
B2604,Power Sliding Door On/Off Switch Open Circuit,Various Components,Body
B2605,Disable Signal Open Circuit,Various Components,Body
B2606,A/C Temperature Sensor Out of Range,Various Components,Body
C1091,Speed Wheel Sensor All Coherency Failure,Various Components,Chassis
C1095,ABS Hydraulic Pump Motor Circuit Failure,Various Components,Chassis
C1096,ABS Hydraulic Pump Motor Circuit Open,Various Components,Chassis
C1097,ABS Hydraulic Pump Motor Circuit Short To Ground,Various Components,Chassis
C1098,ABS Hydraulic Pump Motor Circuit Short To Battery,Various Components,Chassis
C1100,ABS Pump Switch Circuit Failure,Various Components,Chassis
C1101,ABS Hydraulic Valve Circuit Failure,Various Components,Chassis
C1102,ABS Acceleration Switch Circuit Failure,Various Components,Chassis
C1103,ABS Hydraulic Brake Switch Circuit Failure,Various Components,Chassis
C1104,Traction Control Active Lamp - Circuit Short to Battery,Various Components,Chassis
C1105,Traction Control Disable Lamp - Circuit Short to Battery,Various Components,Chassis
C1106,Traction Control Disable Switch Circuit Short to Battery,Various Components,Chassis
C1107,ABS Function Enabled Input Circuit Failure,Various Components,Chassis
C1109,Speed Control Actuator Assembly Cable Release  Failure,Various Components,Chassis
C1110,ABS Power Relay Coil Circuit Failure,Various Components,Chassis
C1111,ABS Power Relay Coil Open Circuit,Various Components,Chassis
C1112,ABS Power Relay Coil Short Circuit To Ground,Various Components,Chassis
C1113,ABS Power Relay Coil Short Circuit To Battery,Various Components,Chassis
C1114,ABS Power Relay Output Short Circuit To Ground,Various Components,Chassis
C1115,ABS Power Relay Output Short Circuit To Battery,Various Components,Chassis
C1116,Starter Motor Circuit Failure,Various Components,Chassis
C1117,RPM Input Circuit Failure,Various Components,Chassis
C1123,Vehicle Speed Sensor Input Short to Battery,Various Components,Chassis
C1124,Input shaft speed signal missing/faulted,Various Components,Chassis
C1125,Brake Fluid Level Sensor Input Circuit Failure,Various Components,Chassis
C1126,Cruise Control Command Switch Assembly Circuit Failure,Various Components,Chassis
C1127,Cruise Control Deactivator Brake Switch Circuit Failure,Various Components,Chassis
C1132,Clutch position ckt short to ground,Various Components,Chassis
C1133,Clutch position ckt short to battery,Various Components,Chassis
C1134,Gear Shift position short to ground,Various Components,Chassis
C1135,Gear Shift position short to battery,Various Components,Chassis
C1136,Gear Select position short to ground,Various Components,Chassis
C1137,ECU is Defective,Various Components,Chassis
C1138,Gear Select position short to Battery,Various Components,Chassis
C1139,Wheel Speed Sensor Center Tone Ring Missing Tooth Fault,Various Components,Chassis
C1140,Hydraulic Base Brake Failure,Various Components,Chassis
C1141,Wheel Speed Sensor LF Tone Ring Tooth Missing Fault,Various Components,Chassis
C1142,Wheel Speed Sensor RF Tone Ring Tooth Missing Fault,Various Components,Chassis
C1143,Wheel Speed Sensor LR Tone Ring Tooth Missing Fault,Various Components,Chassis
C1144,Wheel Speed Sensor RR Tone Ring Tooth Missing Fault,Various Components,Chassis
C1145,Speed Wheel Sensor RF Input Circuit Failure,Various Components,Chassis
C1146,Speed Wheel Sensor RF Circuit Open,Various Components,Chassis
C1148,Speed Wheel Sensor RF Coherency Fault,Various Components,Chassis
C1149,Hydraulic Fluid Pressure/ Flow Circuit Failure,Various Components,Chassis
C1150,Two Speed Rear Axle Input Switch Circuit Short to Vbatt,Various Components,Chassis
C1155,Speed Wheel Sensor LF Input Circuit Failure,Various Components,Chassis
C1156,Speed Wheel Sensor LF Circuit Open,Various Components,Chassis
C1157,Park Brake Actuator Assembly Switch Applied Circuit Failure,Various Components,Chassis
C1158,Speed Wheel Sensor LF Coherency Fault,Various Components,Chassis
C1159,Hydraulic Fluid Pressure/ Flow Circuit Short to Gnd,Various Components,Chassis
C1161,Air Pressure Low Circuit Short to Gnd,Various Components,Chassis
C1162,Park Brake Switch # 2 Released Circuit Failure,Various Components,Chassis
C1163,Park Brake Switch # 2 Applied Circuit Short to Gnd,Various Components,Chassis
C1164,Park Brake Actuator Assembly Switch Circuit Failure,Various Components,Chassis
C1165,Speed Wheel Sensor RR Input Circuit Failure,Various Components,Chassis
C1166,Speed Wheel Sensor RR Input Open Circuit,Various Components,Chassis
C1167,Park Brake Actuator Assembly Switch Released Circuit Short to Gnd,Various Components,Chassis
C1168,Speed Wheel Sensor RR Coherency Fault,Various Components,Chassis
C1169,ABS Fluid Dumping Exceeds Maximum Timing,Various Components,Chassis
C1170,PRNDL  Switch Circuit Failure,Various Components,Chassis
C1172,Park Brake Switch # 1 Applied Circuit Failure,Various Components,Chassis
C1173,Park Brake Switch # 1 Released Circuit Short to Gnd,Various Components,Chassis
C1174,Park Brake Switch # 2 Applied Circuit Failure,Various Components,Chassis
C1175,Speed Wheel Sensor LR Input Circuit Failure,Various Components,Chassis
C1176,Speed Wheel Sensor LR Circuit Open,Various Components,Chassis
C1177,Park Brake Actuator Assembly Switch Released Circuit Failure,Various Components,Chassis
C1178,Speed Wheel Sensor LR Coherency Fault,Various Components,Chassis
C1179,Speed Control Actuator Assembly Cable Slack Failure,Various Components,Chassis
C1180,Park Brake Valve Solenoid #1 Sense Input Circuit Failure,Various Components,Chassis
C1181,Park Brake Valve Solenoid #1 Sense Input Circuit Short to Gound,Various Components,Chassis
C1182,Park Lamp Flash Relay Circuit Failure,Various Components,Chassis
C1183,Park Lamp Flash Relay Circuit Short to Battery,Various Components,Chassis
C1184,ABS System Is Not Operational,Various Components,Chassis
C1185,ABS Power Relay Output Circuit Failure,Various Components,Chassis
C1186,ABS Power Relay Output Open Circuit,Various Components,Chassis
C1187,Brake Fluid Level Sensor Input Open Circuit,Various Components,Chassis
C1188,Brake Fluid Level Sensor Input Short Circuit To Battery,Various Components,Chassis
C1189,Brake Fluid Level Sensor Input Short Circuit To Ground,Various Components,Chassis
C1190,Speed Wheel Sensor LF Input Short Circuit To Battery,Various Components,Chassis
C1191,Speed Wheel Sensor LF Input Short Circuit To Ground,Various Components,Chassis
C1192,Speed Wheel Sensor RF Input Short Circuit To Battery,Various Components,Chassis
C1193,Speed Wheel Sensor RF Input Short Circuit To Ground,Various Components,Chassis
C1194,ABS Outlet Valve Coil LF Circuit Failure,Various Components,Chassis
C1195,ABS Outlet Valve Coil LF Circuit Open,Various Components,Chassis
C1196,ABS Outlet Valve Coil LF Circuit Short To Battery,Various Components,Chassis
C1197,ABS Outlet Valve Coil LF Circuit Short To Ground,Various Components,Chassis
C1198,ABS Inlet Valve Coil LF Circuit Failure,Various Components,Chassis
C1199,ABS Inlet Valve Coil LF Circuit Open,Various Components,Chassis
C1200,ABS Inlet Valve Coil LF Circuit Short To Battery,Various Components,Chassis
C1201,ABS Inlet Valve Coil LF Circuit Short To Ground,Various Components,Chassis
C1202,ABS Outlet Valve Coil Rear Circuit Failure,Various Components,Chassis
C1203,ABS Outlet Valve Coil Rear Circuit Open,Various Components,Chassis
C1204,ABS Outlet Valve Coil Rear Circuit Short To Battery,Various Components,Chassis
C1205,ABS Outlet Valve Coil Rear Circuit Short To Ground,Various Components,Chassis
C1206,ABS Inlet Valve Coil Rear Circuit Failure,Various Components,Chassis
C1207,ABS Inlet Valve Coil Rear Circuit Open,Various Components,Chassis
C1208,ABS Inlet Valve Coil Rear Circuit Short To Battery,Various Components,Chassis
C1209,ABS Inlet Valve Coil Rear Circuit Short To Ground,Various Components,Chassis
C1210,ABS Outlet Valve Coil RF Circuit Failure,Various Components,Chassis
C1211,ABS Outlet Valve Coil RF Circuit Open,Various Components,Chassis
C1212,ABS Outlet Valve Coil RF Circuit Short To Battery,Various Components,Chassis
C1213,ABS Outlet Valve Coil RF Circuit Short To Ground,Various Components,Chassis
C1214,ABS Inlet Valve Coil RF Circuit Failure,Various Components,Chassis
C1215,ABS Inlet Valve Coil RF Circuit Open,Various Components,Chassis
C1216,ABS Inlet Valve Coil RF Circuit Short To Battery,Various Components,Chassis
C1217,ABS Inlet Valve Coil RF Circuit Short To Ground,Various Components,Chassis
C1218,Lamp ABS Warning Output Circuit Failure,Various Components,Chassis
C1219,Lamp ABS Warning Output Circuit Open,Various Components,Chassis
C1220,Lamp ABS Warning Output Circuit Short To Battery,Various Components,Chassis
C1221,Lamp ABS Warning Output Circuit Short To Ground,Various Components,Chassis
C1222,Speed Wheel Mismatch,Various Components,Chassis
C1223,Lamp Brake Warning Output Circuit Failure,Various Components,Chassis
C1224,Lamp Brake Warning Output Circuit Open,Various Components,Chassis
C1225,Lamp Brake Warning Output Circuit Short To Battery,Various Components,Chassis
C1226,Lamp Brake Warning Output Circuit Short To Ground,Various Components,Chassis
C1227,Speed Wheel Sensor LR Input Short Circuit To Battery,Various Components,Chassis
C1228,Speed Wheel Sensor LR Input Short Circuit To Ground,Various Components,Chassis
C1229,Speed Wheel Sensor Rear Center Coherency Fault,Various Components,Chassis
C1230,Speed Wheel Sensor Rear Center Input Circuit Failure,Various Components,Chassis
C1231,Speed Wheel Sensor Rear Center Circuit Open,Various Components,Chassis
C1232,Speed Wheel Sensor Rear Center Input Short Circuit To Battery,Various Components,Chassis
C1233,Speed Wheel LF Input Signal Missing,Various Components,Chassis
C1234,Speed Wheel RF Input Signal Missing,Various Components,Chassis
C1235,Speed Wheel RR Input Signal Missing,Various Components,Chassis
C1236,Speed Wheel LR Input Signal Missing,Various Components,Chassis
C1237,Speed Wheel Rear Input Signal Missing,Various Components,Chassis
C1238,ABS Hydraulic Pressure Differential Switch Input Circuit Failure,Various Components,Chassis
C1239,ABS Hydraulic Pressure Differential Switch Input  Open Circuit,Various Components,Chassis
C1240,ABS Hydraulic Pressure Differential Switch Input Short Circuit To Battery,Various Components,Chassis
C1241,ABS Hydraulic Pressure Differential Switch Input Short Circuit To Ground,Various Components,Chassis
C1242,ABS Outlet Valve Coil LR Circuit Failure,Various Components,Chassis
C1243,ABS Outlet Valve Coil LR Circuit Open,Various Components,Chassis
C1244,ABS Outlet Valve Coil LR Circuit Short To Battery,Various Components,Chassis
C1245,ABS Outlet Valve Coil LR Circuit Short To Ground,Various Components,Chassis
C1246,ABS Outlet Valve Coil RR Circuit Failure,Various Components,Chassis
C1247,ABS Outlet Valve Coil RR Circuit Open,Various Components,Chassis
C1248,ABS Outlet Valve Coil RR Circuit Short To Battery,Various Components,Chassis
C1249,ABS Outlet Valve Coil RR Circuit Short To Ground,Various Components,Chassis
C1250,ABS Inlet Valve Coil LR Circuit Failure,Various Components,Chassis
C1251,ABS Inlet Valve Coil LR Circuit Open,Various Components,Chassis
C1252,ABS Inlet Valve Coil LR Circuit Short To Battery,Various Components,Chassis
C1253,ABS Inlet Valve Coil LR Circuit Short To Ground,Various Components,Chassis
C1254,ABS Inlet Valve Coil RR Circuit Failure,Various Components,Chassis
C1255,ABS Inlet Valve Coil RR Circuit Open,Various Components,Chassis
C1256,ABS Inlet Valve Coil RR Circuit Short To Battery,Various Components,Chassis
C1257,ABS Inlet Valve Coil RR Circuit Short To Ground,Various Components,Chassis
C1258,Speed Wheel LF Comparison Failure,Various Components,Chassis
C1259,Speed Wheel RF Comparison Failure,Various Components,Chassis
C1260,Speed Wheel RR Comparison Failure,Various Components,Chassis
C1261,Speed Wheel LR Comparison Failure,Various Components,Chassis
C1262,Lamp Warning Relay Circuit Failure,Various Components,Chassis
C1263,Lamp Warning Relay Circuit Open,Various Components,Chassis
C1264,Lamp Warning Relay Circuit Short To Battery,Various Components,Chassis
C1265,Lamp Warning Relay Circuit Short To Ground,Various Components,Chassis
C1266,ABS Valve Power Relay Circuit Failure,Various Components,Chassis
C1267,ABS Functions Temporarily Disabled,Various Components,Chassis
C1268,Motor Relay # 1 Circuit Failure,Various Components,Chassis
C1269,Motor Relay # 1 Circuit Short to Battery,Various Components,Chassis
C1270,Motor # 1 Input Circuit Failure,Various Components,Chassis
C1271,Motor # 1 Input Circuit Short to Gnd,Various Components,Chassis
C1272,Motor # 2 Input Circuit Failure,Various Components,Chassis
C1273,Motor # 2 Input Circuit Short to Vbat,Various Components,Chassis
C1274,Solenoid Relay # 1 Circuit Failure,Various Components,Chassis
C1275,Solenoid Relay # 1 Circuit Short to Vbatt,Various Components,Chassis
C1276,Park Brake Actuator Assembly Switch Applied Circuit Short to Gnd,Various Components,Chassis
C1277,STEERING Wheel Angle 1and 2 Circuit Failure,Various Components,Chassis
C1278,STEERING Wheel Angle 1and 2 Signal Faulted,Various Components,Chassis
C1279,Yaw Rate Sensor circuit Failure,Various Components,Chassis
C1280,Yaw Rate Sensor Signal Fault,Various Components,Chassis
C1281,Lateral Accelerometer circuit Failure,Various Components,Chassis
C1282,Lateral Accelerometer Signal Fault,Various Components,Chassis
C1283,Switch Test Signal Failure,Various Components,Chassis
C1284,Oil Pressure Switch Failure,Various Components,Chassis
C1285,Booster Solenoid circuit Failure,Various Components,Chassis
C1286,Booster Mechanical Failure,Various Components,Chassis
C1287,Booster Pedal Force switch circuit Failure,Various Components,Chassis
C1288,Pressure Transducer Main / Primary Input Circuit Failure,Various Components,Chassis
C1289,Pressure Transducer Redundant / Secondary Input Circuit Failure,Various Components,Chassis
C1400,Traction Control Valve RF Circuit Failure,Various Components,Chassis
C1401,Traction Control Valve RF Circuit Open,Various Components,Chassis
C1402,Traction Control Valve RF Circuit Short To Ground,Various Components,Chassis
C1403,Traction Control Valve RF Circuit Short To Battery,Various Components,Chassis
C1404,Traction Control Valve Rear Circuit Failure,Various Components,Chassis
C1405,Traction Control Valve Rear Circuit Open,Various Components,Chassis
C1406,Traction Control Valve Rear Circuit Short To Ground,Various Components,Chassis
C1407,Traction Control Valve Rear Circuit Short To Battery,Various Components,Chassis
C1410,Traction Control Valve LF Circuit Failure,Various Components,Chassis
C1411,Traction Control Valve LF Circuit Open,Various Components,Chassis
C1412,Traction Control Valve LF Circuit Short To Ground,Various Components,Chassis
C1413,Traction Control Valve LF Circuit Short To Battery,Various Components,Chassis
C1414,Incorrect Module Design Level,Various Components,Chassis
C1415,Incorrect Module Configuration,Various Components,Chassis
C1416,Damper RF Circuit Short To Battery,Various Components,Chassis
C1417,Damper RF Circuit Short to Ground,Various Components,Chassis
C1418,Damper RF Circuit Failure,Various Components,Chassis
C1419,Damper RF Circuit Open,Various Components,Chassis
C1420,Hydraulic Fluid Pressure/ Flow Circuit Short to Vbatt,Various Components,Chassis
C1421,Damper LF Circuit Short To Battery,Various Components,Chassis
C1422,Damper LF Circuit Short to Ground,Various Components,Chassis
C1423,Damper LF Circuit Failure,Various Components,Chassis
C1424,Damper LF Circuit Open,Various Components,Chassis
C1425,Damper RR Circuit Short to Ground,Various Components,Chassis
C1426,Damper RR Circuit Short To Battery,Various Components,Chassis
C1427,Damper RR Circuit Open,Various Components,Chassis
C1428,Damper RR Circuit Failure,Various Components,Chassis
C1429,Input-shaft-speed input circuit failure,Various Components,Chassis
C1430,Damper LR Circuit Open,Various Components,Chassis
C1431,Damper LR Circuit Short To Battery,Various Components,Chassis
C1432,Damper LR Circuit Short to Ground,Various Components,Chassis
C1433,Damper LR Circuit Failure,Various Components,Chassis
C1435,Accelerometer Rear Circuit Failure,Various Components,Chassis
C1436,Accelerometer Rear Circuit Signal Is Not Sensed,Various Components,Chassis
C1437,Accelerometer Rear Circuit Short To Ground,Various Components,Chassis
C1438,Accelerometer Rear Circuit Short To Battery,Various Components,Chassis
C1439,Vehicle Acceleration EEC-IV Circuit Failure,Various Components,Chassis
C1440,Pressure Transducer Main / Primary signal Faulted,Various Components,Chassis
C1441,Steering Phase A Circuit Signal Is Not Sensed,Various Components,Chassis
C1442,Steering Phase B Circuit Signal Is Not Sensed,Various Components,Chassis
C1443,Steering Phase A Circuit Short To Ground,Various Components,Chassis
C1444,Steering Phase B Circuit Short To Ground,Various Components,Chassis
C1445,Speed Vehicle Signal Circuit Failure,Various Components,Chassis
C1446,Brake Switch Circuit Failure,Various Components,Chassis
C1447,Traction Control Module Request Circuit Failure,Various Components,Chassis
C1448,Lamp Adaptive Damping Warning Circuit Failure,Various Components,Chassis
C1449,Traction Control Motor Coherency Fault,Various Components,Chassis
C1450,Traction Control Motor Circuit Failure,Various Components,Chassis
C1451,Traction Control Motor Circuit Open,Various Components,Chassis
C1452,Traction Control Motor Circuit Short to Battery,Various Components,Chassis
C1453,Traction Control Motor Circuit Short to Ground,Various Components,Chassis
C1454,Front Lateral Accelerometer Circuit Failure,Various Components,Chassis
C1455,Accelerometer Front Circuit Failure,Various Components,Chassis
C1456,Accelerometer Front Circuit Is Not Sensed,Various Components,Chassis
C1457,Accelerometer Front Circuit Short To Ground,Various Components,Chassis
C1458,Accelerometer Front Circuit Short To Battery,Various Components,Chassis
C1459,Adaptive Mode Switch Circuit Failure,Various Components,Chassis
C1460,Vehicle Accelerometer Power Circuit Failure,Various Components,Chassis
C1461,Vehicle Accelerometer Power Circuit Short to Battery,Various Components,Chassis
C1462,Left Front Vertical Accelerometer Circuit Failure,Various Components,Chassis
C1463,Right Front Vertical Accelerometer Circuit Failure,Various Components,Chassis
C1464,Pressure Transducer Redundant / Secondary Signal Faulted,Various Components,Chassis
C1465,Damper High Side Front Circuit Short To Battery,Various Components,Chassis
C1466,Damper Circuit Failure,Various Components,Chassis
C1467,Damper High Side Rear Circuit Short To Battery,Various Components,Chassis
C1468,Damper Low Side Front Circuit Failure,Various Components,Chassis
C1469,Damper Low Side Rear Circuit Failure,Various Components,Chassis
C1495,Traction Control Motor Potentiometer Circuit Failure,Various Components,Chassis
C1496,Traction Control Motor Potentiometer Circuit Open,Various Components,Chassis
C1497,Traction Control Motor Potentiometer Circuit Short to Battery,Various Components,Chassis
C1498,Traction Control Motor Potentiometer Circuit Short to Ground,Various Components,Chassis
C1499,"Transfer Case Contact Plate ""A"" Encoder Circuit Failure",Various Components,Chassis
C1500,"Transfer Case Contact Plate ""B"" Encoder Circuit Failure",Various Components,Chassis
C1501,"Transfer Case Contact Plate ""C"" Encoder Circuit Failure",Various Components,Chassis
C1502,"Transfer Case Contact Plate ""D"" Encoder Circuit Failure",Various Components,Chassis
C1503,Dynamic Stability Control Left Front Valve Malfunction,Various Components,Chassis
C1504,Dynamic Stability Control Right Front Valve Malfunction,Various Components,Chassis
C1505,Dynamic Stability Control Left Rear Valve Malfunction,Various Components,Chassis
C1506,Dynamic Stability Control Right Rear Valve Malfunction,Various Components,Chassis
C1507,Traction Control of Brake Exceeds Time-Out,Various Components,Chassis
C1508,Traction Control of Engine Exceeds Time-Out,Various Components,Chassis
C1510,Right Front Wheel Pressure Reduction Performance Problem,Various Components,Chassis
C1511,Left Front Wheel Pressure Reduction Performance Problem,Various Components,Chassis
C1512,Right Rear Wheel Pressure Reduction Performance Problem,Various Components,Chassis
C1513,Left rear Wheel Pressure Reduction Performance Problem,Various Components,Chassis
C1699,Left Rear Sensor Circuit Short to Vbat,Various Components,Chassis
C1700,Left Rear Sensor Circuit Failure,Various Components,Chassis
C1701,Left Rear Sensor Circuit Fault,Various Components,Chassis
C1702,RightRear Sensor Circuit Short to Vbat,Various Components,Chassis
C1703,Right Rear Sensor Circuit Failure,Various Components,Chassis
C1704,Right Rear Sensor Circuit Fault,Various Components,Chassis
C1705,Left Rear Center Sensor Circuit Short to Vbat,Various Components,Chassis
C1706,Left Rear Center Sensor Circuit Failure,Various Components,Chassis
C1707,Left Rear Center Sensor Circuit Fault,Various Components,Chassis
C1708,Right Rear Center Sensor Circuit Short to Vbat,Various Components,Chassis
C1709,Right Rear Center Sensor Circuit Failure,Various Components,Chassis
C1710,Right Rear Center Sensor Circuit Fault,Various Components,Chassis
C1711,Left Front Sensor Circuit Short to Vbat,Various Components,Chassis
C1712,Left Front Sensor Circuit Failure,Various Components,Chassis
C1713,Left Front Sensor Circuit Fault,Various Components,Chassis
C1714,Right Front Sensor Circuit Short to Vbat,Various Components,Chassis
C1715,Right Front Sensor Circuit Failure,Various Components,Chassis
C1716,Right Front Sensor Circuit Fault,Various Components,Chassis
C1717,Left Front Center Sensor Circuit Short to Vbat,Various Components,Chassis
C1718,Left Front Center Sensor Circuit Failure,Various Components,Chassis
C1719,Left Front Center Sensor Circuit Fault,Various Components,Chassis
C1721,Air Suspension Height Sensor Power Circuit Open,Various Components,Chassis
C1722,Air Suspension Height Sensor Power Circuit Short To Battery,Various Components,Chassis
C1723,Air Suspension Height Sensor Power Circuit Short To Ground,Various Components,Chassis
C1724,Air Suspension Height Sensor Power Circuit Failure,Various Components,Chassis
C1725,Air Suspension Front Pneumatic Failure,Various Components,Chassis
C1726,Air Suspension Rear Pneumatic Failure,Various Components,Chassis
C1727,Air Suspension Reservoir Pneumatic Failure,Various Components,Chassis
C1728,Transfer  Case unable to transition between 2H and 4H,Various Components,Chassis
C1729,Transfer  Case unable to transition between 4H and 4L,Various Components,Chassis
C1730,Reference Voltage Out of Range (+5 v),Various Components,Chassis
C1731,Air Suspension LF Corner Up Timeout,Various Components,Chassis
C1732,Air Suspension LF Corner Down Timeout,Various Components,Chassis
C1733,Air Suspension RF Corner Up Timeout,Various Components,Chassis
C1734,Air Suspension RF Corner Down Timeout,Various Components,Chassis
C1735,Air Suspension LR Corner Up Timeout,Various Components,Chassis
C1736,Air Suspension LR Corner Down Timeout,Various Components,Chassis
C1737,Air Suspension RR Corner Up Timeout,Various Components,Chassis
C1738,Air Suspension RR Corner Down Timeout,Various Components,Chassis
C1739,Right Front Center Sensor Circuit Short to Vbat,Various Components,Chassis
C1740,Right Front Center Sensor Circuit Failure,Various Components,Chassis
C1741,Right Front Center Sensor Circuit Fault,Various Components,Chassis
C1742,Rear Sounder Circuit Failure,Various Components,Chassis
C1743,Rear Sounder Circuit Short to Vbatt,Various Components,Chassis
C1744,Front Sounder Circuit Failure,Various Components,Chassis
C1745,Front Sounder Circuit Short to Vbatt,Various Components,Chassis
C1748,Switch input Circuit Short to Gnd,Various Components,Chassis
C1749,Trailer Input Circuit Failure,Various Components,Chassis
C1750,Accelerator Position Sensor Out of Range,Various Components,Chassis
C1751,Vehicle Speed Sensor # 1 Output Circuit Short to Vbatt,Various Components,Chassis
C1752,Vehicle Speed Sensor # 1 Output Circuit Short to Gnd,Various Components,Chassis
C1753,Hydraulic Clutch Actuator Valve Signal Fault,Various Components,Chassis
C1754,Hydraulic Clutch Actuator Valve Circuit Failure,Various Components,Chassis
C1755,Power Limit Shutdown Fault,Various Components,Chassis
C1756,Air Suspension Front Height Sensor High (SE) Signal Circuit Failure,Various Components,Chassis
C1757,Air Suspension Front Height Sensor High (SE) Signal Circuit Open,Various Components,Chassis
C1758,Air Suspension Front Height Sensor High (SE) Signal Circuit Short To Battery,Various Components,Chassis
C1759,Air Suspension Front Height Sensor High (SE) Signal Circuit Short To Ground,Various Components,Chassis
C1760,Air Suspension Rear Height Sensor High (SE) Signal Circuit Failure,Various Components,Chassis
C1761,Air Suspension Rear Height Sensor High (SE) Signal Circuit Open,Various Components,Chassis
C1762,Air Suspension Rear Height Sensor High (SE) Signal Circuit Short To Battery,Various Components,Chassis
C1763,Air Suspension Rear Height Sensor High (SE) Signal Circuit Short To Ground,Various Components,Chassis
C1765,Air Suspension Rear Height Sensor Low Signal Circuit Failure,Various Components,Chassis
C1766,Air Suspension Rear Height Sensor Low Signal Circuit Open,Various Components,Chassis
C1767,Air Suspension Rear Height Sensor Low Signal Circuit Short To Battery,Various Components,Chassis
C1768,Air Suspension Rear Height Sensor Low Signal Circuit Short To Ground,Various Components,Chassis
C1770,Air Suspension Vent Solenoid Output Circuit Failure,Various Components,Chassis
C1771,Air Suspension Vent Solenoid Output Circuit Open,Various Components,Chassis
C1772,Air Suspension Vent Solenoid Output Circuit Short To Battery,Various Components,Chassis
C1773,Air Suspension Vent Solenoid Output Circuit Short To Ground,Various Components,Chassis
C1774,Coolant Temp Out of Range,Various Components,Chassis
C1775,DC-DC Converter Failure,Various Components,Chassis
C1776,Heater System Failure,Various Components,Chassis
C1777,Vacuum Pressure Circuit Failure,Various Components,Chassis
C1778,Power Steering Failure,Various Components,Chassis
C1779,Blower Switch Failure,Various Components,Chassis
C1780,Temperature Select Failure,Various Components,Chassis
C1781,Engine Coolant Temperature Signal Missing/Fault,Various Components,Chassis
C1790,Air Suspension LR Air Spring/Shock Solenoid Output Circuit Failure,Various Components,Chassis
C1791,Air Suspension LR Air Spring/Shock Solenoid Output Circuit Open,Various Components,Chassis
C1792,Air Suspension LR Air Spring/Shock Solenoid Output Circuit Short To Battery,Various Components,Chassis
C1793,Air Suspension LR Air Spring/Shock Solenoid Output Circuit Short To Ground,Various Components,Chassis
C1795,Air Suspension RR Air Spring/Shock Solenoid Output Circuit Failure,Various Components,Chassis
C1796,Air Suspension RR Air Spring/Shock Solenoid Output Circuit Open,Various Components,Chassis
C1797,Air Suspension RR Air Spring/Shock Solenoid Output Circuit Short To Battery,Various Components,Chassis
C1798,Air Suspension RR Air Spring/Shock Solenoid Output Circuit Short To Ground,Various Components,Chassis
C1800,Air Suspension Reservoir Solenoid Circuit Failure,Various Components,Chassis
C1805,Mismatched PCM and/or ABS-TC Module,Various Components,Chassis
C1813,Air Suspension LR Vent Request Exceeded Max Timing,Various Components,Chassis
C1814,Air Suspension RR Vent Request Exceeded Max Timing,Various Components,Chassis
C1818,Air Suspension LR Air Compress Request Exceeded Max Timing,Various Components,Chassis
C1819,Air Suspension RR Air Compress Request Exceeded Max Timing,Various Components,Chassis
C1820,Air Suspension RF Air Compress Request Exceeded Max Timing,Various Components,Chassis
C1830,Air Suspension Compressor Relay Circuit Failure,Various Components,Chassis
C1831,Air Suspension Compressor Relay Circuit Open,Various Components,Chassis
C1832,Air Suspension Compressor Relay Circuit Short To Battery,Various Components,Chassis
C1833,Air Suspension Compressor  Relay Circuit Short To Ground,Various Components,Chassis
C1834,Gauge Drive Current Fault,Various Components,Chassis
C1835,Current Sense Circuit Failure,Various Components,Chassis
C1836,Battery Temp out of Range,Various Components,Chassis
C1837,Battery Heater Circuit Failure,Various Components,Chassis
C1838,Charging System Fault,Various Components,Chassis
C1839,Leakage Fault,Various Components,Chassis
C1840,Air Suspension Disable Switch Circuit Failure,Various Components,Chassis
C1841,Air Suspension Disable Switch Circuit Open,Various Components,Chassis
C1842,Air Suspension Disable Switch Circuit Short To Battery,Various Components,Chassis
C1843,Air Suspension Disable Switch Circuit Short To Ground,Various Components,Chassis
C1844,Air Suspension Secondary Front Inflator Solenoid Output Circuit Failure,Various Components,Chassis
C1845,Air Suspension Front Inflator Solenoid Output Circuit Failure,Various Components,Chassis
C1846,Air Suspension Front Inflator Solenoid Output Circuit Open,Various Components,Chassis
C1847,Air Suspension Front Inflator Solenoid Output Circuit Short To  Battery,Various Components,Chassis
C1848,Air Suspension Front Inflator Solenoid Output Circuit Short To Ground,Various Components,Chassis
C1849,Master Cylinder Pressure Out of Range,Various Components,Chassis
C1850,Air Suspension Warning Lamp Circuit Failure,Various Components,Chassis
C1851,Air Suspension Warning Lamp Circuit Open,Various Components,Chassis
C1852,Air Suspension Warning Lamp Circuit Short To Battery,Various Components,Chassis
C1853,Air Suspension Warning Lamp Circuit Short To Ground,Various Components,Chassis
C1854,Motor Temperature Out of Range,Various Components,Chassis
C1855,Acceleration Position Sensor Conflict,Various Components,Chassis
C1856,Traction Motor Encoder  circuit Failure,Various Components,Chassis
C1859,PRNDL Input #2 Circuit Failure,Various Components,Chassis
C1860,PRNDL Input #3 Circuit Failure,Various Components,Chassis
C1861,PRNDL Input #4 Circuit Failure,Various Components,Chassis
C1862,Contactor Circuit Failure,Various Components,Chassis
C1863,External Charging Fault,Various Components,Chassis
C1864,Battery Module Fault,Various Components,Chassis
C1865,Air Suspension Rear Inflator Solenoid Output Circuit Failure,Various Components,Chassis
C1866,Air Suspension Rear Inflator Solenoid Output Circuit Open,Various Components,Chassis
C1867,Air Suspension Rear Inflator Solenoid Output Circuit Short To  Battery,Various Components,Chassis
C1868,Air Suspension Rear Inflator Solenoid Output Circuit Short To Ground,Various Components,Chassis
C1869,Air Suspension Gate Solenoid Output Circuit Failure,Various Components,Chassis
C1870,Air Suspension Gate Solenoid Output Circuit Open,Various Components,Chassis
C1871,Air Suspension Gate Solenoid Output Circuit Short To  Battery,Various Components,Chassis
C1872,Air Suspension Gate Solenoid Output Circuit Short To Ground,Various Components,Chassis
C1873,Air Suspension RF Air Spring Solenoid Output Circuit Failure,Various Components,Chassis
C1874,Air Suspension RF Air Spring Solenoid Output Circuit Open,Various Components,Chassis
C1875,Air Suspension RF Air Spring Solenoid Output Circuit Short To Battery,Various Components,Chassis
C1876,Air Suspension RF Air Spring Solenoid Output Circuit Short To Ground,Various Components,Chassis
C1877,Air Suspension LF Air Spring Solenoid Output Circuit Failure,Various Components,Chassis
C1878,Air Suspension LF Air Spring Solenoid Output Circuit Open,Various Components,Chassis
C1879,Air Suspension LF Air Spring Solenoid Output Circuit Short To Battery,Various Components,Chassis
C1880,Air Suspension LF Air Spring Solenoid Output Circuit Short To Ground,Various Components,Chassis
C1881,Air Suspension RF Height Sensor Circuit Failure,Various Components,Chassis
C1882,Air Suspension RF Height Sensor Circuit Open,Various Components,Chassis
C1883,Air Suspension RF Height Sensor Circuit Short To Battery,Various Components,Chassis
C1884,Air Suspension RF Height Sensor Circuit Short To Ground,Various Components,Chassis
C1885,Air Suspension RR Height Sensor Circuit Failure,Various Components,Chassis
C1886,Air Suspension RR Height Sensor Circuit Open,Various Components,Chassis
C1887,Air Suspension RR Height Sensor Circuit Short To Battery,Various Components,Chassis
C1888,Air Suspension RR Height Sensor Circuit Short To Ground,Various Components,Chassis
C1889,Air Suspension LF Height Sensor Circuit Failure,Various Components,Chassis
C1890,Air Suspension LF Height Sensor Circuit Open,Various Components,Chassis
C1891,Air Suspension LF Height Sensor Circuit Short To Battery,Various Components,Chassis
C1892,Air Suspension LF Height Sensor Circuit Short To Ground,Various Components,Chassis
C1893,Air Suspension LR Height Sensor Circuit Failure,Various Components,Chassis
C1894,Air Suspension LR Height Sensor Circuit Open,Various Components,Chassis
C1895,Air Suspension LR Height Sensor Circuit Short To Battery,Various Components,Chassis
C1896,Air Suspension LR Height Sensor Circuit Short To Ground,Various Components,Chassis
C1897,Steering VAPS II Circuit Loop Failure,Various Components,Chassis
C1898,Steering VAPS II Circuit Loop Open,Various Components,Chassis
C1899,Steering VAPS II Circuit Loop Short To Battery,Various Components,Chassis
C1900,Steering VAPS II Circuit Loop Short To Ground,Various Components,Chassis
C1901,Ride Control RR Shock Actuator Circuit Failure,Various Components,Chassis
C1902,Ride Control RR Shock Actuator Circuit Open,Various Components,Chassis
C1903,Ride Control RR Shock Actuator Circuit Short To Battery,Various Components,Chassis
C1904,Ride Control RR Shock Actuator Circuit Short To Ground,Various Components,Chassis
C1905,Ride Control LR Shock Actuator Circuit Failure,Various Components,Chassis
C1906,Ride Control LR Shock Actuator Circuit Open,Various Components,Chassis
C1907,Ride Control LR Shock Actuator Circuit Short To Battery,Various Components,Chassis
C1908,Ride Control LR Shock Actuator Circuit Short To Ground,Various Components,Chassis
C1909,Ride Control RF Shock Actuator Circuit Failure,Various Components,Chassis
C1910,Ride Control RF Shock Actuator Circuit Open,Various Components,Chassis
C1911,Ride Control RF Shock Actuator Circuit Short To Battery,Various Components,Chassis
C1912,Ride Control RF Shock Actuator Circuit Short To Ground,Various Components,Chassis
C1913,Ride Control LF Shock Actuator Circuit Failure,Various Components,Chassis
C1914,Ride Control LF Shock Actuator Circuit Open,Various Components,Chassis
C1915,Ride Control LF Shock Actuator Circuit Short To Battery,Various Components,Chassis
C1916,Ride Control LF Shock Actuator Circuit Short To Ground,Various Components,Chassis
C1917,Steering EVO Out-of-Range Fault,Various Components,Chassis
C1918,Air Suspension Ride Height Select Switch Circuit Failure,Various Components,Chassis
C1920,Led #1 Circuit Failure,Various Components,Chassis
C1921,VAPS Solenoid Actuator Output Circuit Failure,Various Components,Chassis
C1922,VAPS Solenoid Actuator Output Circuit Open,Various Components,Chassis
C1923,VAPS Solenoid Actuator Output Circuit Short To Battery,Various Components,Chassis
C1924,VAPS Solenoid Actuator Output Circuit Short To Ground,Various Components,Chassis
C1925,VAPS Solenoid Actuator Return Circuit Failure,Various Components,Chassis
C1926,VAPS Solenoid Actuator Return Circuit Open,Various Components,Chassis
C1927,VAPS Solenoid Actuator Return Circuit Short To Battery,Various Components,Chassis
C1928,VAPS Solenoid Actuator Return Circuit Short To Ground,Various Components,Chassis
C1929,Air Suspension Front Compressor Relay Circuit Failure,Various Components,Chassis
C1930,Air Suspension Front Compressor Relay Circuit Open,Various Components,Chassis
C1931,Air Suspension Front Compressor Relay Circuit Short To Battery,Various Components,Chassis
C1932,Air Suspension Front Compressor Relay Circuit Short To Ground,Various Components,Chassis
C1933,Solenoid Current Out Of Range,Various Components,Chassis
C1934,HPU (Hydraulic Pump Unit) Pressurisation Failure,Various Components,Chassis
C1935,Chime Circuit Failure,Various Components,Chassis
C1936,Hydraulic Pump Relay Circuit Failure,Various Components,Chassis
C1937,Steering Wheel Angle Sensor Offset Failure,Various Components,Chassis
C1938,Invalid Steering Wheel Angle Sensor ID,Various Components,Chassis
C1939,Brake Pressure Switch Input Circuit Failure,Various Components,Chassis
C1940,Brake Pressure Switch Mechanical Failure,Various Components,Chassis
C1942,Unrecognized Powertrain Configuration,Various Components,Chassis
C1943,Airbag Deployment Indication Input Fault,Various Components,Chassis
C1944,Gauge Driver Circuit Fault,Various Components,Chassis
C1945,Park Switch Indicates Park with Vehicle Moving,Various Components,Chassis
C1946,Seat Track Position Switch Circuit Open,Various Components,Chassis
C1947,Seat Track Position Switch Circuit Short to Ground,Various Components,Chassis
C1948,Seat Track Position Switch Circuit Resistance Out of Range,Various Components,Chassis
C1949,Accelerometer Sensor Circuit Open,Various Components,Chassis
C1950,Accelerometer Sensor Circuit Failure,Various Components,Chassis
C1951,Lateral Accelerometer Sensor Circuit Open,Various Components,Chassis
C1952,Yaw Rate Sensor Circuit Open,Various Components,Chassis
C1953,Master Cylinder Pressure Sensor Circuit Open,Various Components,Chassis
C1954,Master Cylinder Pressure Sensor Circuit Failure,Various Components,Chassis
C1955,Steering Angle Sensor Circuit Open,Various Components,Chassis
C1956,Steering Angle Sensor Circuit Failure,Various Components,Chassis
C1957,Dynamic Stability Control Valve RF Circuit Failure,Various Components,Chassis
C1958,Dynamic Stability Control Valve LF Circuit Failure,Various Components,Chassis
C1959,Lateral Accelerometer Sensor Circuit Failure,Various Components,Chassis
C1960,Driver Brake Apply Circuit Fault,Various Components,Chassis
C1961,Park Lamp Relay Coil Circuit Failure,Various Components,Chassis
C1962,Park Lamp Relay Coil Short to Battery,Various Components,Chassis
C1963,Stability Control Inhibit Warning,Various Components,Chassis
C2767,Reserved - TBD,Various Components,Chassis
U1000,SCP (J1850) Invalid or Missing Data for Primary Id,Various Components,Network
U1001,SCP (J1850) Invalid or Missing Data for Primary Id,Various Components,Network
U1002,SCP (J1850) Invalid or Missing Data for Primary Id,Various Components,Network
U1003,SCP (J1850) Invalid or Missing Data for Primary Id,Various Components,Network
U1004,SCP (J1850) Invalid or Missing Data for EEC Programming,Various Components,Network
U1005,SCP (J1850) Invalid or Missing Data for EEC Programming,Various Components,Network
U1006,SCP (J1850) Invalid or Missing Data for Primary Id,Various Components,Network
U1007,SCP (J1850) Invalid or Missing Data for Primary Id,Various Components,Network
U1008,SCP (J1850) Invalid or Missing Data for Engine Torque,Various Components,Network
U1009,SCP (J1850) Invalid or Missing Data for Engine Torque,Various Components,Network
U1010,SCP (J1850) Invalid or Missing Data for Engine Air Intake,Various Components,Network
U1011,SCP (J1850) Invalid or Missing Data for Engine Air Intake,Various Components,Network
U1012,SCP (J1850) Invalid or Missing Data for Primary Id,Various Components,Network
U1013,SCP (J1850) Invalid or Missing Data for Primary Id,Various Components,Network
U1014,SCP (J1850) Invalid or Missing Data for Primary Id,Various Components,Network
U1015,SCP (J1850) Invalid or Missing Data for Primary Id,Various Components,Network
U1016,SCP (J1850) Invalid or Missing Data for Primary Id,Various Components,Network
U1017,SCP (J1850) Invalid or Missing Data for Primary Id,Various Components,Network
U1018,SCP (J1850) Invalid or Missing Data for Throttle,Various Components,Network
U1019,SCP (J1850) Invalid or Missing Data for Throttle,Various Components,Network
U1020,SCP (J1850) Invalid or Missing Data for Air Conditioning Clutch,Various Components,Network
U1021,SCP (J1850) Invalid or Missing Data for Air Conditioning Clutch,Various Components,Network
U1022,SCP (J1850) Invalid or Missing Data for Primary Id,Various Components,Network
U1023,SCP (J1850) Invalid or Missing Data for Primary Id,Various Components,Network
U1024,SCP (J1850) Invalid or Missing Data for Primary Id,Various Components,Network
U1025,SCP (J1850) Invalid or Missing Data for Primary Id,Various Components,Network
U1026,SCP (J1850) Invalid or Missing Data for Engine RPM,Various Components,Network
U1027,SCP (J1850) Invalid or Missing Data for Engine RPM,Various Components,Network
U1028,SCP (J1850) Invalid or Missing Data for Primary Id,Various Components,Network
U1029,SCP (J1850) Invalid or Missing Data for Primary Id,Various Components,Network
U1030,SCP (J1850) Invalid or Missing Data for Experimental #1,Various Components,Network
U1031,SCP (J1850) Invalid or Missing Data for Experimental #1,Various Components,Network
U1032,SCP (J1850) Invalid or Missing Data for Primary Id,Various Components,Network
U1033,SCP (J1850) Invalid or Missing Data for Primary Id,Various Components,Network
U1034,SCP (J1850) Invalid or Missing Data for Primary Id,Various Components,Network
U1035,SCP (J1850) Invalid or Missing Data for Primary Id,Various Components,Network
U1036,SCP (J1850) Invalid or Missing Data for Wheels,Various Components,Network
U1037,SCP (J1850) Invalid or Missing Data for Wheels,Various Components,Network
U1038,SCP (J1850) Invalid or Missing Data for Primary Id,Various Components,Network
U1039,SCP (J1850) Invalid or Missing Data for Primary Id / Vehicle Speed,Various Components,Network
U1040,SCP (J1850) Invalid or Missing Data for Vehicle Speed,Various Components,Network
U1041,SCP (J1850) Invalid or Missing Data for Vehicle Speed,Various Components,Network
U1042,SCP (J1850) Invalid or Missing Data for Traction Control,Various Components,Network
U1043,SCP (J1850) Invalid or Missing Data for Traction Control,Various Components,Network
U1044,SCP (J1850) Invalid or Missing Data for Traction Motor,Various Components,Network
U1045,SCP (J1850) Invalid or Missing Data for Traction Motor,Various Components,Network
U1046,SCP (J1850) Invalid or Missing Data for Primary Id,Various Components,Network
U1047,SCP (J1850) Invalid or Missing Data for Primary Id,Various Components,Network
U1048,SCP (J1850) Invalid or Missing Data for Primary Id,Various Components,Network
U1049,SCP (J1850) Invalid or Missing Data for Primary Id,Various Components,Network
U1050,SCP (J1850) Invalid or Missing Data for Brakes,Various Components,Network
U1051,SCP (J1850) Invalid or Missing Data for Brakes,Various Components,Network
U1052,SCP (J1850) Invalid or Missing Data for Steering / Steering Wheel,Various Components,Network
U1053,SCP (J1850) Invalid or Missing Data for Steering / Steering Wheel,Various Components,Network
U1054,SCP (J1850) Invalid or Missing Data for Primary Id,Various Components,Network
U1055,SCP (J1850) Invalid or Missing Data for Primary Id,Various Components,Network
U1056,SCP (J1850) Invalid or Missing Data for Vehicle Configuration,Various Components,Network
U1057,SCP (J1850) Invalid or Missing Data for Vehicle Configuration,Various Components,Network
U1058,SCP (J1850) Invalid or Missing Data for Transmission / Transaxle / PRNDL,Various Components,Network
U1059,SCP (J1850) Invalid or Missing Data for Transmission / Transaxle / PRNDL,Various Components,Network
U1060,SCP (J1850) Invalid or Missing Data for Primary Id,Various Components,Network
U1061,SCP (J1850) Invalid or Missing Data for Primary Id,Various Components,Network
U1062,SCP (J1850) Invalid or Missing Data for Primary Id,Various Components,Network
U1063,SCP (J1850) Invalid or Missing Data for Primary Id,Various Components,Network
U1064,SCP (J1850) Invalid or Missing Data for Primary Id,Various Components,Network
U1065,SCP (J1850) Invalid or Missing Data for Primary Id,Various Components,Network
U1066,SCP (J1850) Invalid or Missing Data for Primary Id,Various Components,Network
U1067,SCP (J1850) Invalid or Missing Data for Primary Id,Various Components,Network
U1068,SCP (J1850) Invalid or Missing Data for Primary Id,Various Components,Network
U1069,SCP (J1850) Invalid or Missing Data for Primary Id,Various Components,Network
U1070,SCP (J1850) Invalid or Missing Data for Engine Sensors,Various Components,Network
U1071,SCP (J1850) Invalid or Missing Data for Engine Sensors,Various Components,Network
U1072,SCP (J1850) Invalid or Missing Data for Engine Coolant,Various Components,Network
U1073,SCP (J1850) Invalid or Missing Data for Engine Coolant,Various Components,Network
U1074,SCP (J1850) Invalid or Missing Data for Engine Oil,Various Components,Network
U1075,SCP (J1850) Invalid or Missing Data for Engine Oil Temp,Various Components,Network
U1076,SCP (J1850) Invalid or Missing Data for Primary Id,Various Components,Network
U1077,SCP (J1850) Invalid or Missing Data for Primary Id,Various Components,Network
U1078,SCP (J1850) Invalid or Missing Data for Primary Id,Various Components,Network
U1079,SCP (J1850) Invalid or Missing Data for Primary Id,Various Components,Network
U1080,SCP (J1850) Invalid or Missing Data for Primary Id,Various Components,Network
U1081,SCP (J1850) Invalid or Missing Data for Primary Id,Various Components,Network
U1082,SCP (J1850) Invalid or Missing Data for Engine Systems Other,Various Components,Network
U1083,SCP (J1850) Invalid or Missing Data for Engine Systems Other,Various Components,Network
U1084,SCP (J1850) Invalid or Missing Data for Powertrain Status Request,Various Components,Network
U1085,SCP (J1850) Invalid or Missing Data for Powertrain Status Request,Various Components,Network
U1086,SCP (J1850) Invalid or Missing Data for Primary Id,Various Components,Network
U1087,SCP (J1850) Invalid or Missing Data for Primary Id,Various Components,Network
U1088,SCP (J1850) Invalid or Missing Data for Suspension,Various Components,Network
U1089,SCP (J1850) Invalid or Missing Data for Suspension,Various Components,Network
U1090,SCP (J1850) Invalid or Missing Data for Non-Legislated Diagnostics,Various Components,Network
U1091,SCP (J1850) Invalid or Missing Data for Non-Legislated Diagnostics,Various Components,Network
U1092,SCP (J1850) Invalid or Missing Data for Primary Id,Various Components,Network
U1093,SCP (J1850) Invalid or Missing Data for Primary Id,Various Components,Network
U1094,SCP (J1850) Invalid or Missing Data for Experimental #2,Various Components,Network
U1095,SCP (J1850) Invalid or Missing Data for Experimental #2,Various Components,Network
U1096,SCP (J1850) Invalid or Missing Data for Primary Id,Various Components,Network
U1097,SCP (J1850) Invalid or Missing Data for Primary Id,Various Components,Network
U1098,SCP (J1850) Invalid or Missing Data for Vehicle Speed Control,Various Components,Network
U1099,SCP (J1850) Invalid or Missing Data for Vehicle Speed Control,Various Components,Network
U1100,SCP (J1850) Invalid or Missing Data for Primary Id,Various Components,Network
U1101,SCP (J1850) Invalid or Missing Data for Primary Id,Various Components,Network
U1102,SCP (J1850) Invalid or Missing Data for Primary Id,Various Components,Network
U1103,SCP (J1850) Invalid or Missing Data for Primary Id,Various Components,Network
U1104,SCP (J1850) Invalid or Missing Data for Chassis Status Request,Various Components,Network
U1105,SCP (J1850) Invalid or Missing Data for Chassis Status Request,Various Components,Network
U1106,SCP (J1850) Invalid or Missing Data for Legislated Diagnostics,Various Components,Network
U1107,SCP (J1850) Invalid or Missing Data for Legislated Diagnostics,Various Components,Network
U1108,SCP (J1850) Invalid or Missing Data for Electric Traction Drive (Inverter),Various Components,Network
U1109,SCP (J1850) Invalid or Missing Data for Electric Traction Drive (Inverter),Various Components,Network
U1110,SCP (J1850) Invalid or Missing Data for Primary Id,Various Components,Network
U1111,SCP (J1850) Invalid or Missing Data for Primary Id,Various Components,Network
U1112,SCP (J1850) Invalid or Missing Data for Primary Id,Various Components,Network
U1113,SCP (J1850) Invalid or Missing Data for Primary Id,Various Components,Network
U1114,SCP (J1850) Invalid or Missing Data for Charging System,Various Components,Network
U1115,SCP (J1850) Invalid or Missing Data for Charging System,Various Components,Network
U1116,SCP (J1850) Invalid or Missing Data for Electrical Energy Management,Various Components,Network
U1117,SCP (J1850) Invalid or Missing Data for Electrical Energy Management,Various Components,Network
U1118,SCP (J1850) Invalid or Missing Data for Primary Id,Various Components,Network
U1119,SCP (J1850) Invalid or Missing Data for Primary Id,Various Components,Network
U1120,SCP (J1850) Invalid or Missing Data for Primary Id,Various Components,Network
U1121,SCP (J1850) Invalid or Missing Data for Primary Id,Various Components,Network
U1122,SCP (J1850) Invalid or Missing Data for Odometer,Various Components,Network
U1123,SCP (J1850) Invalid or Missing Data for Odometer,Various Components,Network
U1124,SCP (J1850) Invalid or Missing Data for Primary Id,Various Components,Network
U1125,SCP (J1850) Invalid or Missing Data for Primary Id,Various Components,Network
U1126,SCP (J1850) Invalid or Missing Data for Primary Id,Various Components,Network
U1127,SCP (J1850) Invalid or Missing Data for Primary Id,Various Components,Network
U1128,SCP (J1850) Invalid or Missing Data for Primary Id,Various Components,Network
U1129,SCP (J1850) Invalid or Missing Data for Primary Id,Various Components,Network
U1130,SCP (J1850) Invalid or Missing Data for Fuel System,Various Components,Network
U1131,SCP (J1850) Invalid or Missing Data for Fuel System,Various Components,Network
U1132,SCP (J1850) Invalid or Missing Data for Vehicle Motion,Various Components,Network
U1133,SCP (J1850) Invalid or Missing Data for Vehicle Motion,Various Components,Network
U1134,SCP (J1850) Invalid or Missing Data for Ignition Switch / Starter,Various Components,Network
U1135,SCP (J1850) Invalid or Missing Data for Ignition Switch / Starter,Various Components,Network
U1136,SCP (J1850) Invalid or Missing Data for Telltales,Various Components,Network
U1137,SCP (J1850) Invalid or Missing Data for Telltales,Various Components,Network
U1138,SCP (J1850) Invalid or Missing Data for Primary Id,Various Components,Network
U1139,SCP (J1850) Invalid or Missing Data for Primary Id,Various Components,Network
U1140,SCP (J1850) Invalid or Missing Data for Gateway,Various Components,Network
U1141,SCP (J1850) Invalid or Missing Data for Gateway,Various Components,Network
U1142,SCP (J1850) Invalid or Missing Data for Primary Id,Various Components,Network
U1143,SCP (J1850) Invalid or Missing Data for Primary Id,Various Components,Network
U1144,SCP (J1850) Invalid or Missing Data for Primary Id,Various Components,Network
U1145,SCP (J1850) Invalid or Missing Data for Primary Id,Various Components,Network
U1146,SCP (J1850) Invalid or Missing Data for Vehicle Security,Various Components,Network
U1147,SCP (J1850) Invalid or Missing Data for Vehicle Security,Various Components,Network
U1148,SCP (J1850) Invalid or Missing Data for Audio Control,Various Components,Network
U1149,SCP (J1850) Invalid or Missing Data for Audio Control,Various Components,Network
U1150,SCP (J1850) Invalid or Missing Data for Audible Warnings,Various Components,Network
U1151,SCP (J1850) Invalid or Missing Data for Audible Warnings,Various Components,Network
U1152,SCP (J1850) Invalid or Missing Data for Experimental #3,Various Components,Network
U1153,SCP (J1850) Invalid or Missing Data for Experimental #3,Various Components,Network
U1154,SCP (J1850) Invalid or Missing Data for Compact Disc,Various Components,Network
U1155,SCP (J1850) Invalid or Missing Data for Compact Disc,Various Components,Network
U1156,SCP (J1850) Invalid or Missing Data for Digital Signal Processing,Various Components,Network
U1157,SCP (J1850) Invalid or Missing Data for Digital Signal Processing,Various Components,Network
U1158,SCP (J1850) Invalid or Missing Data for Antenna,Various Components,Network
U1159,SCP (J1850) Invalid or Missing Data for Antenna,Various Components,Network
U1160,SCP (J1850) Invalid or Missing Data for Primary Id,Various Components,Network
U1161,SCP (J1850) Invalid or Missing Data for Primary Id,Various Components,Network
U1162,SCP (J1850) Invalid or Missing Data for Digital Audio Tape,Various Components,Network
U1163,SCP (J1850) Invalid or Missing Data for Digital Audio Tape,Various Components,Network
U1164,SCP (J1850) Invalid or Missing Data for Tuner / Receiver,Various Components,Network
U1165,SCP (J1850) Invalid or Missing Data for Tuner / Receiver,Various Components,Network
U1166,SCP (J1850) Invalid or Missing Data for Cassette Tape,Various Components,Network
U1167,SCP (J1850) Invalid or Missing Data for Cassette Tape,Various Components,Network
U1168,SCP (J1850) Invalid or Missing Data for Primary Id,Various Components,Network
U1169,SCP (J1850) Invalid or Missing Data for Primary Id,Various Components,Network
U1170,SCP (J1850) Invalid or Missing Data for Cellular Phone / Paging System,Various Components,Network
U1171,SCP (J1850) Invalid or Missing Data for Cellular Phone / Paging System,Various Components,Network
U1172,SCP (J1850) Invalid or Missing Data for Remote Button Control,Various Components,Network
U1173,SCP (J1850) Invalid or Missing Data for Remote Button Control,Various Components,Network
U1174,SCP (J1850) Invalid or Missing Data for Primary Id,Various Components,Network
U1175,SCP (J1850) Invalid or Missing Data for Primary Id,Various Components,Network
U1176,SCP (J1850) Invalid or Missing Data for Primary Id,Various Components,Network
U1177,SCP (J1850) Invalid or Missing Data for Primary Id,Various Components,Network
U1178,SCP (J1850) Invalid or Missing Data for Climate Control (HVAC),Various Components,Network
U1179,SCP (J1850) Invalid or Missing Data for Climate Control (HVAC),Various Components,Network
U1180,SCP (J1850) Invalid or Missing Data for Personalization (Memory) Features,Various Components,Network
U1181,SCP (J1850) Invalid or Missing Data for Personalization (Memory) Features,Various Components,Network
U1182,SCP (J1850) Invalid or Missing Data for Primary Id,Various Components,Network
U1183,SCP (J1850) Invalid or Missing Data for Primary Id,Various Components,Network
U1184,SCP (J1850) Invalid or Missing Data for Window Wiper / Washer,Various Components,Network
U1185,SCP (J1850) Invalid or Missing Data for Window Wiper / Washer,Various Components,Network
U1186,SCP (J1850) Invalid or Missing Data for Primary Id,Various Components,Network
U1187,SCP (J1850) Invalid or Missing Data for Primary Id,Various Components,Network
U1188,SCP (J1850) Invalid or Missing Data for Primary Id,Various Components,Network
U1189,SCP (J1850) Invalid or Missing Data for Primary Id,Various Components,Network
U1190,SCP (J1850) Invalid or Missing Data for Primary Id,Various Components,Network
U1191,SCP (J1850) Invalid or Missing Data for Primary Id,Various Components,Network
U1192,SCP (J1850) Invalid or Missing Data for Primary Id,Various Components,Network
U1193,SCP (J1850) Invalid or Missing Data for Primary Id,Various Components,Network
U1194,SCP (J1850) Invalid or Missing Data for Mirrors,Various Components,Network
U1195,SCP (J1850) Invalid or Missing Data for Mirrors,Various Components,Network
U1196,SCP (J1850) Invalid or Missing Data for Door Locks,Various Components,Network
U1197,SCP (J1850) Invalid or Missing Data for Door Locks,Various Components,Network
U1198,SCP (J1850) Invalid or Missing Data for External Access (Doors),Various Components,Network
U1199,SCP (J1850) Invalid or Missing Data for External Access (Doors),Various Components,Network
U1200,SCP (J1850) Invalid or Missing Data for Seat Motion / Control,Various Components,Network
U1201,SCP (J1850) Invalid or Missing Data for Seat Motion / Control,Various Components,Network
U1202,SCP (J1850) Invalid or Missing Data for Windows,Various Components,Network
U1203,SCP (J1850) Invalid or Missing Data for Windows,Various Components,Network
U1204,SCP (J1850) Invalid or Missing Data for Steering Column,Various Components,Network
U1205,SCP (J1850) Invalid or Missing Data for Steering Column,Various Components,Network
U1206,SCP (J1850) Invalid or Missing Data for Primary Id,Various Components,Network
U1207,SCP (J1850) Invalid or Missing Data for Primary Id,Various Components,Network
U1208,SCP (J1850) Invalid or Missing Data for Seat Switches,Various Components,Network
U1209,SCP (J1850) Invalid or Missing Data for Seat Switches,Various Components,Network
U1210,SCP (J1850) Invalid or Missing Data for Restraints,Various Components,Network
U1211,SCP (J1850) Invalid or Missing Data for Restraints,Various Components,Network
U1212,SCP (J1850) Invalid or Missing Data for Primary Id,Various Components,Network
U1213,SCP (J1850) Invalid or Missing Data for Primary Id,Various Components,Network
U1214,SCP (J1850) Invalid or Missing Data for Primary Id,Various Components,Network
U1215,SCP (J1850) Invalid or Missing Data for Primary Id,Various Components,Network
U1216,SCP (J1850) Invalid or Missing Data for External Lamp Outage,Various Components,Network
U1217,SCP (J1850) Invalid or Missing Data for External Lamp Outage,Various Components,Network
U1218,SCP (J1850) Invalid or Missing Data for External Lamps,Various Components,Network
U1219,SCP (J1850) Invalid or Missing Data for External Lamps,Various Components,Network
U1220,SCP (J1850) Invalid or Missing Data for Interior Lamp Outage,Various Components,Network
U1221,SCP (J1850) Invalid or Missing Data for Interior Lamp Outage,Various Components,Network
U1222,SCP (J1850) Invalid or Missing Data for Interior Lamps,Various Components,Network
U1223,SCP (J1850) Invalid or Missing Data for Interior Lamps,Various Components,Network
U1224,SCP (J1850) Invalid or Missing Data for Primary Id,Various Components,Network
U1225,SCP (J1850) Invalid or Missing Data for Primary Id,Various Components,Network
U1226,SCP (J1850) Invalid or Missing Data for Body Status Request,Various Components,Network
U1227,SCP (J1850) Invalid or Missing Data for Body Status Request,Various Components,Network
U1228,SCP (J1850) Invalid or Missing Data for Tires,Various Components,Network
U1229,SCP (J1850) Invalid or Missing Data for Tires,Various Components,Network
U1230,SCP (J1850) Invalid or Missing Data for Electric Defrost,Various Components,Network
U1231,SCP (J1850) Invalid or Missing Data for Electric Defrost,Various Components,Network
U1232,SCP (J1850) Invalid or Missing Data for Navigation,Various Components,Network
U1233,SCP (J1850) Invalid or Missing Data for Navigation,Various Components,Network
U1234,SCP (J1850) Invalid or Missing Data for Displays,Various Components,Network
U1235,SCP (J1850) Invalid or Missing Data for Displays,Various Components,Network
U1236,SCP (J1850) Invalid or Missing Data for Memory Storage,Various Components,Network
U1237,SCP (J1850) Invalid or Missing Data for Memory Storage,Various Components,Network
U1238,SCP (J1850) Invalid or Missing Data for Experimental #4,Various Components,Network
U1239,SCP (J1850) Invalid or Missing Data for Experimental #4,Various Components,Network
U1240,SCP (J1850) Invalid or Missing Data for Primary Id,Various Components,Network
U1241,SCP (J1850) Invalid or Missing Data for Primary Id,Various Components,Network
U1242,SCP (J1850) Invalid or Missing Data for Exterior Environment,Various Components,Network
U1243,SCP (J1850) Invalid or Missing Data for Exterior Environment,Various Components,Network
U1244,SCP (J1850) Invalid or Missing Data for Interior Environment,Various Components,Network
U1245,SCP (J1850) Invalid or Missing Data for Interior Environment,Various Components,Network
U1246,SCP (J1850) Invalid or Missing Data for Primary Id,Various Components,Network
U1247,SCP (J1850) Invalid or Missing Data for Primary Id,Various Components,Network
U1248,SCP (J1850) Invalid or Missing Data for Time / Date,Various Components,Network
U1249,SCP (J1850) Invalid or Missing Data for Time / Date,Various Components,Network
U1250,SCP (J1850) Invalid or Missing Data for Vehicle Id (VIN),Various Components,Network
U1251,SCP (J1850) Invalid or Missing Data for Vehicle Id (VIN),Various Components,Network
U1252,SCP (J1850) Invalid or Missing Data for Class A Functions,Various Components,Network
U1253,SCP (J1850) Invalid or Missing Data for Class A Functions,Various Components,Network
U1254,SCP (J1850) Invalid or Missing Data for Network Control,Various Components,Network
U1255,SCP (J1850) Invalid or Missing Data for Network Control,Various Components,Network
U1260,SCP (J1850) Single Ended (+) Circuit Failure,Various Components,Network
U1261,SCP (J1850) Single Ended (-) Circuit Failure,Various Components,Network
U1262,SCP (J1850) Communication Bus Fault,Various Components,Network
U1308,SCP (J1850) Invalid or Missing Data for Function Read  Engine Torque,Various Components,Network
U1341,SCP (J1850) Invalid or Missing Data for Function Read Vehicle Speed,Various Components,Network
U1430,SCP (J1850) Invalid or Missing Data for Function Read Fuel System,Various Components,Network
U1451,SCP (J1850) Invalid or Missing Data for Function Read Audible Warnings /Anti-Theft Module,Various Components,Network
U1612,SCP (J1850) Lack of Acknowledgment for Primary Id,Various Components,Network
U1736,SCP (J1850) Lack of Acknowledgment for  Telltales,Various Components,Network
U1750,SCP (J1850) Lack of Acknowledgment for  Audible Warnings,Various Components,Network
U1794,SCP (J1850) Lack of Acknowledgment for Mirrors,Various Components,Network
U1797,SCP (J1850) Lack of Acknowledgment for  Door Locks,Various Components,Network
U1798,SCP (J1850) Lack of Acknowledgment for  External Access (Doors),Various Components,Network
U1806,SCP (J1850) Lack of Acknowledgment for Primary Id,Various Components,Network
U1900,CAN Communication Bus Fault,Various Components,Network
U1950,UPB Communication Bus Fault,Various Components,Network
U2000,Audio Rear Control Unit is Not Responding,Various Components,Network
U2001,Audio Tape Deck Unit is Not Responding,Various Components,Network
U2002,Audio Bezel is Not Responding,Various Components,Network
U2003,Audio Compact Disk / Disk Jockey Unit is Not Responding,Various Components,Network
U2004,Audio Steering Wheel Control Unit is Not Responding,Various Components,Network
U2005,Audio Rear Integrated Control Panel Unit is Not Responding,Various Components,Network
U2006,Audio Remote Climate Control Unit is Not Responding,Various Components,Network
U2007,Audio Navigation Unit is Not Responding,Various Components,Network
U2008,Audio Phone is Not Responding,Various Components,Network
U2009,Audio Front Control Module (ACM) is Not Responding,Various Components,Network
U2010,Module is Not Responding (Non SCP),Various Components,Network
U2011,Module Transmitted Invalid Data (Non SCP),Various Components,Network
U2012,Communication Bus Error (Non SCP),Various Components,Network
U2013,Compass Module is not Responding,Various Components,Network
U2014,Audio Subwoofer Unit is Not Responding,Various Components,Network
U2015,Signal Link Fault (Non SCP),Various Components,Network
U2016,Signal Link Short to Ground (Non SCP) / From NGV Module,Various Components,Network
U2017,Driver Side Crash Sensor Communication Fault (Non SCP),Various Components,Network
U2018,Passenger Side Crash Sensor Communication Fault (Non SCP),Various Components,Network
U2019,Audio Voice Module Not Responding,Various Components,Network
U2020,Audio Center Amp is not responding,Various Components,Network
U2021,Invalid /fault data received (Non SCP),Various Components,Network
U2150,SCP (J1850) Invalid Data from REM,Various Components,Network
U2152,SCP (J1850) Invalid Data from GEM,Various Components,Network
U2160,SCP (J1850) Invalid Data from IC,Various Components,Network
U2195,SCP (J1850) Invalid Data from SCLM,Various Components,Network
U2500,(CAN) Lack of Acknowledgement From Engine Management,Various Components,Network
